"Time (s)","Latitude (°)","Longitude (°)","Altitude (m)","Altitude WGS84 (m)","Speed (m/s)","Direction (°)","Distance (km)","Horizontal Accuracy (m)","Vertical Accuracy (m)","Satellites"
1.736172652E0,6.504569741E1,2.543831061E1,2.751771993E1,4.500000000E1,1.099999994E-1,0.000000000E0,1.928243635E-3,7.000000000E0,1.200000000E1,2.800000000E1
2.745901690E0,6.504568010E1,2.543830809E1,2.551772672E1,4.300000000E1,1.499999911E-1,0.000000000E0,6.551459020E-3,8.500000000E0,1.400000000E1,2.400000000E1
3.753344689E0,6.504568383E1,2.543820994E1,3.951771549E1,5.700000000E1,7.799999714E-1,0.000000000E0,1.070613831E-2,7.500000000E0,1.300000000E1,2.600000000E1
4.742808958E0,6.504567448E1,2.543829569E1,3.751772777E1,5.500000000E1,8.299999833E-1,1.801000061E2,1.279824139E-2,4.500000000E0,9.000000000E0,2.700000000E1
5.751798496E0,6.504567473E1,2.543834028E1,3.451773208E1,5.200000000E1,8.700000048E-1,1.696000061E2,1.440508676E-2,3.500000000E0,7.000000000E0,2.800000000E1
6.742181380E0,6.504566924E1,2.543837196E1,3.251773745E1,5.000000000E1,0.000000000E0,NaN,1.440508676E-2,3.000000000E0,6.000000000E0,2.900000000E1
7.744546994E0,6.504566924E1,2.543837196E1,3.251773745E1,5.000000000E1,0.000000000E0,NaN,1.440508676E-2,2.500000000E0,5.000000000E0,2.900000000E1
8.745125570E0,6.504566924E1,2.543837196E1,3.251773745E1,5.000000000E1,0.000000000E0,NaN,1.440508676E-2,2.500000000E0,5.000000000E0,2.900000000E1
9.744507762E0,6.504566924E1,2.543837196E1,3.251773745E1,5.000000000E1,0.000000000E0,NaN,1.679803887E-2,2.000000000E0,4.000000000E0,2.900000000E1
1.074176830E1,6.504566090E1,2.543841898E1,2.851774549E1,4.600000000E1,7.599999905E-1,1.588999939E2,1.799299482E-2,2.000000000E0,4.000000000E0,2.900000000E1
1.174824126E1,6.504565717E1,2.543844287E1,2.551774937E1,4.300000000E1,1.129999995E0,1.588999939E2,1.886296023E-2,2.000000000E0,4.000000000E0,2.900000000E1
1.274358688E1,6.504565126E1,2.543845503E1,2.351775297E1,4.100000000E1,1.259999990E0,1.588999939E2,2.000738310E-2,2.000000000E0,3.000000000E0,2.900000000E1
1.374263588E1,6.504564213E1,2.543846626E1,2.251775779E1,4.000000000E1,1.429999948E0,1.768000031E2,2.109797247E-2,2.000000000E0,3.000000000E0,2.900000000E1
1.474431641E1,6.504563362E1,2.543847783E1,2.151776240E1,3.900000000E1,1.220000029E0,1.718999939E2,2.229747310E-2,2.000000000E0,3.000000000E0,2.900000000E1
1.574346484E1,6.504562473E1,2.543849233E1,2.051776744E1,3.800000000E1,1.069999933E0,1.653000031E2,2.337568438E-2,2.000000000E0,3.000000000E0,2.800000000E1
1.674970522E1,6.504561761E1,2.543850792E1,1.951777188E1,3.700000000E1,1.059999943E0,1.620000000E2,2.432656556E-2,2.000000000E0,3.000000000E0,2.900000000E1
1.774748568E1,6.504560935E1,2.543851320E1,1.851777575E1,3.600000000E1,1.279999971E0,1.688000031E2,2.564965084E-2,1.500000000E0,3.000000000E0,2.900000000E1
1.874413664E1,6.504559858E1,2.543852518E1,1.851778132E1,3.600000000E1,1.259999990E0,1.658000031E2,2.657723645E-2,1.500000000E0,3.000000000E0,2.900000000E1
1.974398095E1,6.504559066E1,2.543853139E1,1.751778515E1,3.500000000E1,1.439999938E0,1.671999969E2,2.759503246E-2,1.500000000E0,3.000000000E0,2.900000000E1
2.074139575E1,6.504558228E1,2.543854010E1,1.751778942E1,3.500000000E1,1.199999928E0,1.751000061E2,2.825316037E-2,1.500000000E0,3.000000000E0,2.800000000E1
2.174099175E1,6.504557641E1,2.543853826E1,1.751779162E1,3.500000000E1,8.399999738E-1,1.846000061E2,2.886025149E-2,1.500000000E0,2.000000000E0,2.800000000E1
2.274011464E1,6.504557096E1,2.543853910E1,1.751779392E1,3.500000000E1,1.059999943E0,1.891000061E2,3.016322107E-2,1.500000000E0,2.000000000E0,2.800000000E1
2.374268568E1,6.504555940E1,2.543854354E1,1.751779905E1,3.500000000E1,1.509999990E0,1.781999969E2,3.136770780E-2,1.500000000E0,3.000000000E0,2.900000000E1
2.474116587E1,6.504554871E1,2.543854773E1,1.751780381E1,3.500000000E1,1.329999924E0,1.705000000E2,3.256686490E-2,1.500000000E0,3.000000000E0,2.900000000E1
2.575064421E1,6.504553865E1,2.543855695E1,1.751780881E1,3.500000000E1,1.139999986E0,1.686999969E2,3.344203819E-2,2.000000000E0,3.000000000E0,2.900000000E1
2.674538410E1,6.504553098E1,2.543856114E1,1.751781234E1,3.500000000E1,1.149999976E0,1.785000000E2,3.443471502E-2,2.000000000E0,3.000000000E0,2.800000000E1
2.774858425E1,6.504552206E1,2.543856089E1,1.651781594E1,3.400000000E1,1.129999995E0,1.683999939E2,3.555317998E-2,2.000000000E0,3.000000000E0,2.900000000E1
2.874550194E1,6.504551300E1,2.543857128E1,1.651782065E1,3.400000000E1,1.189999938E0,1.573999939E2,3.679875251E-2,2.000000000E0,3.000000000E0,2.900000000E1
2.975066133E1,6.504550186E1,2.543857388E1,1.651782543E1,3.400000000E1,1.480000019E0,1.655000000E2,3.792487442E-2,2.000000000E0,3.000000000E0,2.800000000E1
3.074912352E1,6.504549176E1,2.543857564E1,1.551782971E1,3.300000000E1,1.240000010E0,1.721000061E2,3.933640035E-2,2.000000000E0,3.000000000E0,2.900000000E1
3.174096967E1,6.504547948E1,2.543858327E1,1.551783545E1,3.300000000E1,1.240000010E0,1.676000061E2,4.051999499E-2,2.000000000E0,3.000000000E0,2.800000000E1
3.274820282E1,6.504546896E1,2.543857941E1,1.551783935E1,3.300000000E1,1.079999924E0,1.711000061E2,4.159703581E-2,2.000000000E0,3.000000000E0,2.800000000E1
3.374465528E1,6.504545936E1,2.543857631E1,1.551784294E1,3.300000000E1,1.069999933E0,1.693999939E2,4.263636283E-2,2.000000000E0,3.000000000E0,2.600000000E1
3.474009705E1,6.504545001E1,2.543857598E1,1.551784671E1,3.300000000E1,1.110000014E0,1.666999969E2,4.349315438E-2,1.500000000E0,2.000000000E0,2.800000000E1
3.575070305E1,6.504544234E1,2.543857422E1,1.551784965E1,3.300000000E1,9.199999571E-1,1.753999939E2,4.446095487E-2,2.000000000E0,3.000000000E0,2.700000000E1
3.674334613E1,6.504543555E1,2.543856131E1,1.551785113E1,3.300000000E1,8.799999952E-1,1.936999969E2,4.533337777E-2,2.000000000E0,3.000000000E0,2.800000000E1
3.773886570E1,6.504542868E1,2.543855234E1,1.551785304E1,3.300000000E1,7.500000000E-1,2.051000061E2,4.618449190E-2,2.000000000E0,3.000000000E0,2.800000000E1
3.874309713E1,6.504542281E1,2.543854069E1,1.551785428E1,3.300000000E1,9.599999785E-1,2.118000031E2,4.722231195E-2,2.000000000E0,3.000000000E0,2.800000000E1
3.974129974E1,6.504541619E1,2.543852510E1,1.551785543E1,3.300000000E1,9.599999785E-1,2.286000061E2,4.814864527E-2,2.000000000E0,3.000000000E0,2.800000000E1
4.074955593E1,6.504540965E1,2.543851286E1,1.551785688E1,3.300000000E1,1.039999962E0,2.376999969E2,4.893560962E-2,2.000000000E0,3.000000000E0,2.800000000E1
4.174371762E1,6.504540467E1,2.543850096E1,1.451785773E1,3.200000000E1,1.659999967E0,2.536999969E2,5.022357660E-2,2.000000000E0,3.000000000E0,2.900000000E1
4.274446239E1,6.504540018E1,2.543847565E1,1.251785705E1,3.000000000E1,1.500000000E0,2.602000122E2,5.122808295E-2,2.000000000E0,3.000000000E0,2.800000000E1
4.374236297E1,6.504539788E1,2.543845494E1,1.151785595E1,2.900000000E1,1.419999957E0,2.602999878E2,5.230173924E-2,2.000000000E0,3.000000000E0,2.900000000E1
4.474042978E1,6.504539805E1,2.543843206E1,1.051785362E1,2.800000000E1,1.529999971E0,2.646000061E2,5.313568214E-2,2.000000000E0,3.000000000E0,2.800000000E1
4.574321039E1,6.504539700E1,2.543841446E1,1.051785231E1,2.800000000E1,1.059999943E0,2.513000031E2,5.413700881E-2,2.000000000E0,3.000000000E0,2.900000000E1
4.674833404E1,6.504539888E1,2.543839359E1,1.051784948E1,2.800000000E1,1.059999943E0,2.585000000E2,5.538173609E-2,2.000000000E0,3.000000000E0,2.900000000E1
4.774187293E1,6.504540303E1,2.543836894E1,1.051784537E1,2.800000000E1,1.179999948E0,2.777000122E2,5.700393491E-2,2.000000000E0,3.000000000E0,2.800000000E1
4.874273873E1,6.504541016E1,2.543833877E1,1.051783949E1,2.800000000E1,1.699999928E0,2.960000000E2,5.811343400E-2,2.000000000E0,3.000000000E0,2.800000000E1
4.974204781E1,6.504541523E1,2.543831840E1,1.051783542E1,2.800000000E1,1.139999986E0,3.005000000E2,5.872025592E-2,2.000000000E0,3.000000000E0,2.900000000E1
5.074306996E1,6.504541594E1,2.543830558E1,1.051783386E1,2.800000000E1,1.019999981E0,2.848999939E2,5.930949069E-2,2.000000000E0,3.000000000E0,2.900000000E1
5.174724162E1,6.504541263E1,2.543829577E1,9.517834242E0,2.700000000E1,7.299999595E-1,2.872999878E2,6.012692791E-2,2.000000000E0,3.000000000E0,2.700000000E1
5.274026754E1,6.504540789E1,2.543828244E1,8.517834853E0,2.600000000E1,9.499999881E-1,2.647999878E2,6.104221457E-2,2.000000000E0,3.000000000E0,2.800000000E1
5.373935215E1,6.504540119E1,2.543827113E1,8.517836462E0,2.600000000E1,7.500000000E-1,2.668999939E2,6.222339381E-2,2.000000000E0,3.000000000E0,2.800000000E1
5.474662846E1,6.504539423E1,2.543825210E1,8.517837413E0,2.600000000E1,1.079999924E0,2.577999878E2,6.359761007E-2,2.000000000E0,3.000000000E0,2.800000000E1
5.574106911E1,6.504539205E1,2.543822327E1,7.517835454E0,2.500000000E1,9.799999595E-1,2.675000000E2,6.446629731E-2,2.000000000E0,3.000000000E0,2.800000000E1
5.674039515E1,6.504538845E1,2.543820684E1,8.517835299E0,2.600000000E1,7.099999785E-1,2.810000000E2,6.553485407E-2,2.000000000E0,2.000000000E0,2.800000000E1
5.774384673E1,6.504538543E1,2.543818521E1,8.517834392E0,2.600000000E1,1.029999971E0,2.766000061E2,6.654418934E-2,2.000000000E0,3.000000000E0,2.700000000E1
5.874445342E1,6.504538212E1,2.543816518E1,8.517833762E0,2.600000000E1,1.309999943E0,2.555000000E2,6.721092587E-2,2.000000000E0,3.000000000E0,2.900000000E1
5.975054130E1,6.504537969E1,2.543815219E1,8.517833469E0,2.600000000E1,9.899999499E-1,2.566000061E2,6.862862259E-2,2.000000000E0,3.000000000E0,2.800000000E1
6.074585023E1,6.504537663E1,2.543812285E1,7.517831819E0,2.500000000E1,1.469999909E0,2.607000122E2,7.018150525E-2,2.000000000E0,3.000000000E0,2.600000000E1
6.175800984E1,6.504537215E1,2.543809150E1,7.517830550E0,2.500000000E1,1.319999933E0,2.538999939E2,7.115446878E-2,2.000000000E0,3.000000000E0,2.900000000E1
6.274744234E1,6.504536858E1,2.543807256E1,7.517830130E0,2.500000000E1,1.289999962E0,2.546000061E2,7.230291053E-2,2.000000000E0,3.000000000E0,2.700000000E1
6.374748107E1,6.504536330E1,2.543805152E1,7.517830202E0,2.500000000E1,1.329999924E0,2.505000000E2,7.329725231E-2,2.000000000E0,3.000000000E0,2.900000000E1
6.475025045E1,6.504535848E1,2.543803367E1,7.517830402E0,2.500000000E1,1.129999995E0,2.411999969E2,7.430847062E-2,2.000000000E0,3.000000000E0,2.800000000E1
6.574762030E1,6.504535471E1,2.543801405E1,7.517830001E0,2.500000000E1,1.240000010E0,2.476999969E2,7.551767285E-2,2.000000000E0,3.000000000E0,2.900000000E1
6.675316288E1,6.504535232E1,2.543798891E1,6.517828493E0,2.400000000E1,1.259999990E0,2.570000000E2,7.679664230E-2,2.000000000E0,3.000000000E0,2.600000000E1
6.775033349E1,6.504534960E1,2.543796242E1,5.517826989E0,2.300000000E1,1.509999990E0,2.617000122E2,7.787733129E-2,2.000000000E0,3.000000000E0,2.600000000E1
6.875188687E1,6.504535035E1,2.543793946E1,6.517824416E0,2.400000000E1,1.189999938E0,2.781000061E2,7.891441837E-2,2.000000000E0,3.000000000E0,2.600000000E1
6.975224234E1,6.504534901E1,2.543791758E1,6.517822804E0,2.400000000E1,1.059999943E0,2.802999878E2,8.024784049E-2,2.000000000E0,3.000000000E0,2.800000000E1
7.075043726E1,6.504534872E1,2.543788916E1,6.517820121E0,2.400000000E1,1.259999990E0,2.857999878E2,8.169264073E-2,2.000000000E0,3.000000000E0,2.800000000E1
7.174501856E1,6.504534197E1,2.543786285E1,6.517820270E0,2.400000000E1,1.399999976E0,2.770000000E2,8.255793046E-2,2.000000000E0,3.000000000E0,2.800000000E1
7.274212199E1,6.504534180E1,2.543784440E1,6.517818520E0,2.400000000E1,1.429999948E0,2.831000061E2,8.383066823E-2,2.000000000E0,3.000000000E0,2.700000000E1
7.375188460E1,6.504534327E1,2.543781750E1,5.517815269E0,2.300000000E1,1.569999933E0,2.887000122E2,8.551730480E-2,2.000000000E0,3.000000000E0,3.000000000E1
7.475177906E1,6.504534935E1,2.543778456E1,5.517809547E0,2.300000000E1,1.569999933E0,2.977000122E2,8.676973865E-2,2.500000000E0,3.000000000E0,3.000000000E1
7.574732733E1,6.504534692E1,2.543775849E1,5.517807965E0,2.300000000E1,1.799999952E0,2.766000061E2,8.843434830E-2,2.000000000E0,3.000000000E0,3.100000000E1
7.674684587E1,6.504534172E1,2.543772521E1,5.517806798E0,2.300000000E1,1.250000000E0,2.652000122E2,8.977846232E-2,2.000000000E0,3.000000000E0,2.900000000E1
7.774940533E1,6.504533950E1,2.543769705E1,5.517804925E0,2.300000000E1,1.230000019E0,2.625000000E2,9.071669993E-2,2.500000000E0,3.000000000E0,3.000000000E1
7.875135187E1,6.504533556E1,2.543767937E1,5.517804784E0,2.300000000E1,1.189999938E0,2.656000061E2,9.128689136E-2,2.500000000E0,3.000000000E0,3.100000000E1
7.975435556E1,6.504533560E1,2.543766721E1,5.517803568E0,2.300000000E1,9.399999976E-1,2.757999878E2,9.173405094E-2,2.500000000E0,3.000000000E0,3.100000000E1
8.074822867E1,6.504533786E1,2.543765933E1,5.517801870E0,2.300000000E1,8.199999928E-1,3.051000061E2,9.312626106E-2,2.500000000E0,3.000000000E0,3.000000000E1
8.174389875E1,6.504533556E1,2.543763016E1,4.517799931E0,2.200000000E1,1.789999962E0,2.695000000E2,9.495289981E-2,2.500000000E0,3.000000000E0,3.000000000E1
8.274591332E1,6.504532563E1,2.543759915E1,4.517800917E0,2.200000000E1,1.629999995E0,2.610000000E2,9.648968457E-2,3.000000000E0,3.000000000E0,2.900000000E1
8.373830944E1,6.504531863E1,2.543757090E1,4.517800981E0,2.200000000E1,1.090000033E0,2.513000031E2,9.796476551E-2,2.500000000E0,3.000000000E0,3.000000000E1
8.474746386E1,6.504530807E1,2.543755188E1,4.517803405E0,2.200000000E1,1.289999962E0,2.598999939E2,9.897707641E-2,2.500000000E0,3.000000000E0,3.000000000E1
8.574342363E1,6.504530270E1,2.543753444E1,4.517803871E0,2.200000000E1,1.079999924E0,2.698999939E2,9.987056676E-2,2.500000000E0,3.000000000E0,2.900000000E1
8.675011209E1,6.504529646E1,2.543752246E1,5.517805232E0,2.300000000E1,1.139999986E0,2.727000122E2,1.012274787E-1,2.500000000E0,3.000000000E0,3.000000000E1
8.774724844E1,6.504529256E1,2.543749505E1,5.517804117E0,2.300000000E1,1.519999981E0,2.682000122E2,1.023218969E-1,2.500000000E0,3.000000000E0,3.000000000E1
8.874744167E1,6.504528644E1,2.543747677E1,5.517804808E0,2.300000000E1,8.999999762E-1,2.733999939E2,1.036630389E-1,2.500000000E0,3.000000000E0,3.100000000E1
8.974625594E1,6.504528141E1,2.543745079E1,5.517804294E0,2.300000000E1,1.319999933E0,2.617000122E2,1.051355078E-1,2.500000000E0,3.000000000E0,3.000000000E1
9.074475901E1,6.504527571E1,2.543742246E1,6.517803823E0,2.400000000E1,1.559999943E0,2.647000122E2,1.067669686E-1,2.500000000E0,3.000000000E0,3.000000000E1
9.174572528E1,6.504527253E1,2.543738851E1,6.517801774E0,2.400000000E1,1.049999952E0,2.680000000E2,1.080465333E-1,2.500000000E0,3.000000000E0,3.000000000E1
9.274883466E1,6.504527512E1,2.543736194E1,7.517798097E0,2.500000000E1,1.120000005E0,2.766000061E2,1.093651474E-1,2.500000000E0,3.000000000E0,3.000000000E1
9.374612436E1,6.504527181E1,2.543733495E1,7.517796785E0,2.500000000E1,1.529999971E0,2.805000000E2,1.107198888E-1,2.500000000E0,3.000000000E0,3.000000000E1
9.475347705E1,6.504527114E1,2.543730612E1,8.517794216E0,2.600000000E1,1.269999981E0,2.923999939E2,1.117767632E-1,2.500000000E0,3.000000000E0,2.900000000E1
9.574741297E1,6.504527223E1,2.543728374E1,8.517791566E0,2.600000000E1,1.009999990E0,2.947000122E2,1.131322728E-1,2.500000000E0,3.000000000E0,3.100000000E1
9.674728682E1,6.504527345E1,2.543725499E1,8.517788237E0,2.600000000E1,1.629999995E0,2.951000061E2,1.146330729E-1,2.500000000E0,3.000000000E0,2.700000000E1
9.774721097E1,6.504527186E1,2.543722322E1,9.517785754E0,2.700000000E1,1.199999928E0,2.847999878E2,1.158511450E-1,2.500000000E0,3.000000000E0,2.700000000E1
9.875037112E1,6.504526695E1,2.543720000E1,9.517785464E0,2.700000000E1,9.899999499E-1,2.815000000E2,1.169290830E-1,2.500000000E0,3.000000000E0,2.800000000E1
9.975060850E1,6.504526331E1,2.543717871E1,9.517784851E0,2.700000000E1,1.049999952E0,2.841000061E2,1.181315967E-1,2.500000000E0,3.000000000E0,2.900000000E1
1.007493330E2,6.504526046E1,2.543715399E1,9.517783575E0,2.700000000E1,1.049999952E0,2.812000122E2,1.192420593E-1,2.500000000E0,3.000000000E0,3.000000000E1
1.017497319E2,6.504526176E1,2.543713052E1,1.051778073E1,2.800000000E1,6.800000072E-1,2.782999878E2,1.200401705E-1,2.500000000E0,3.000000000E0,2.800000000E1
1.027474909E2,6.504525656E1,2.543711878E1,9.517781694E0,2.700000000E1,4.799999893E-1,2.763999939E2,1.209684655E-1,2.500000000E0,3.000000000E0,2.800000000E1
1.037479980E2,6.504525275E1,2.543710118E1,8.517781514E0,2.600000000E1,8.700000048E-1,2.583999939E2,1.225642919E-1,2.500000000E0,3.000000000E0,2.800000000E1
1.047487177E2,6.504524344E1,2.543707528E1,8.517782754E0,2.600000000E1,1.029999971E0,2.413000031E2,1.243740033E-1,2.500000000E0,3.000000000E0,2.900000000E1
1.057496663E2,6.504523703E1,2.543703983E1,8.517781874E0,2.600000000E1,1.319999933E0,2.380000000E2,1.261021934E-1,2.500000000E0,3.000000000E0,2.800000000E1
1.067482330E2,6.504523091E1,2.543700596E1,9.517781031E0,2.700000000E1,1.179999948E0,2.466000061E2,1.274981144E-1,2.500000000E0,3.000000000E0,2.800000000E1
1.077457278E2,6.504522810E1,2.543697696E1,9.517779318E0,2.700000000E1,1.199999928E0,2.456999969E2,1.291910564E-1,2.500000000E0,3.000000000E0,2.800000000E1
1.087454703E2,6.504521997E1,2.543694645E1,9.517779627E0,2.700000000E1,1.309999943E0,2.431999969E2,1.306342964E-1,2.500000000E0,3.000000000E0,2.900000000E1
1.097494288E2,6.504521260E1,2.543692114E1,9.517780140E0,2.700000000E1,1.319999933E0,2.445000000E2,1.318765465E-1,2.500000000E0,3.000000000E0,2.900000000E1
1.107449918E2,6.504520685E1,2.543689842E1,9.517780244E0,2.700000000E1,1.329999924E0,2.473000031E2,1.329969948E-1,2.500000000E0,3.000000000E0,2.700000000E1
1.117425299E2,6.504520568E1,2.543687470E1,1.051777839E1,2.800000000E1,1.139999986E0,2.505000000E2,1.342787544E-1,2.500000000E0,3.000000000E0,2.800000000E1
1.127474187E2,6.504520078E1,2.543684998E1,1.051777795E1,2.800000000E1,1.240000010E0,2.478999939E2,1.357058836E-1,2.500000000E0,3.000000000E0,2.900000000E1
1.137465725E2,6.504519147E1,2.543682902E1,1.151777968E1,2.900000000E1,1.189999938E0,2.363999939E2,1.371956580E-1,2.500000000E0,3.000000000E0,2.900000000E1
1.147482471E2,6.504518741E1,2.543679876E1,1.151777836E1,2.900000000E1,1.199999928E0,2.501000061E2,1.384069989E-1,2.500000000E0,3.000000000E0,2.900000000E1
1.157473515E2,6.504518439E1,2.543677395E1,1.151777714E1,2.900000000E1,9.499999881E-1,2.620000000E2,1.397085805E-1,2.500000000E0,3.000000000E0,2.900000000E1
1.167400824E2,6.504518435E1,2.543674621E1,1.251777443E1,3.000000000E1,1.009999990E0,2.637000122E2,1.413537397E-1,2.500000000E0,3.000000000E0,2.900000000E1
1.177475260E2,6.504518711E1,2.543671176E1,1.251776991E1,3.000000000E1,1.269999981E0,2.652000122E2,1.426116209E-1,2.500000000E0,3.000000000E0,2.800000000E1
1.187466983E2,6.504519084E1,2.543668645E1,1.251776589E1,3.000000000E1,8.199999928E-1,2.667000122E2,1.436860938E-1,2.500000000E0,3.000000000E0,2.400000000E1
1.197519427E2,6.504518992E1,2.543666365E1,1.251776402E1,3.000000000E1,1.090000033E0,2.673999939E2,1.448906519E-1,2.500000000E0,3.000000000E0,2.500000000E1
1.207462950E2,6.504519152E1,2.543663825E1,1.251776087E1,3.000000000E1,8.700000048E-1,2.728999939E2,1.464565427E-1,2.500000000E0,3.000000000E0,2.600000000E1
1.217494679E2,6.504520074E1,2.543661302E1,1.251775462E1,3.000000000E1,1.000000000E0,2.826000061E2,1.476729173E-1,2.000000000E0,3.000000000E0,2.600000000E1
1.227477736E2,6.504520677E1,2.543659139E1,1.251775003E1,3.000000000E1,6.200000048E-1,2.838999939E2,1.490406364E-1,2.500000000E0,3.000000000E0,2.500000000E1
1.237471044E2,6.504521490E1,2.543656952E1,1.251774456E1,3.000000000E1,8.399999738E-1,2.838999939E2,1.504279774E-1,2.500000000E0,3.000000000E0,2.700000000E1
1.247552311E2,6.504521695E1,2.543654035E1,1.251774085E1,3.000000000E1,8.499999642E-1,2.935000000E2,1.520126495E-1,2.500000000E0,3.000000000E0,2.900000000E1
1.257467267E2,6.504522894E1,2.543652208E1,1.251773415E1,3.000000000E1,5.000000000E-1,3.027000122E2,1.527904904E-1,2.500000000E0,3.000000000E0,2.700000000E1
1.267471100E2,6.504523405E1,2.543651076E1,1.251773095E1,3.000000000E1,5.399999619E-1,3.107000122E2,1.540148485E-1,2.500000000E0,3.000000000E0,2.700000000E1
1.277456406E2,6.504524457E1,2.543650305E1,1.251772590E1,3.000000000E1,6.999999881E-1,3.321000061E2,1.551174708E-1,2.500000000E0,3.000000000E0,2.100000000E1
1.287441266E2,6.504525388E1,2.543649492E1,1.151772130E1,2.900000000E1,9.499999881E-1,3.426000061E2,1.563136544E-1,2.500000000E0,3.000000000E0,2.700000000E1
1.297478892E2,6.504526406E1,2.543648670E1,1.151771634E1,2.900000000E1,1.069999933E0,3.477000122E2,1.571868350E-1,2.500000000E0,3.000000000E0,2.800000000E1
1.307537796E2,6.504527190E1,2.543648788E1,1.151771325E1,2.900000000E1,4.399999976E-1,3.567000122E2,1.577187844E-1,2.500000000E0,3.000000000E0,2.800000000E1
1.317476508E2,6.504527588E1,2.543648159E1,1.151771101E1,2.900000000E1,4.799999893E-1,3.500000000E0,1.587469183E-1,2.500000000E0,3.000000000E0,2.900000000E1
1.327414878E2,6.504528166E1,2.543646449E1,1.151770696E1,2.900000000E1,1.209999919E0,3.543999939E2,1.603751766E-1,2.500000000E0,3.000000000E0,2.300000000E1
1.337465266E2,6.504529524E1,2.543645150E1,1.151770014E1,2.900000000E1,1.139999986E0,3.447000122E2,1.618750819E-1,2.500000000E0,3.000000000E0,2.400000000E1
1.347520753E2,6.504530702E1,2.543643591E1,1.151769380E1,2.900000000E1,4.599999785E-1,3.437999878E2,1.629919905E-1,2.500000000E0,3.000000000E0,2.300000000E1
1.357469366E2,6.504531553E1,2.543642325E1,1.151768908E1,2.900000000E1,7.099999785E-1,3.416000061E2,1.642916963E-1,3.000000000E0,3.000000000E0,2.000000000E1
1.367509781E2,6.504531745E1,2.543639593E1,1.151768559E1,2.900000000E1,2.399999946E-1,3.402999878E2,1.656372308E-1,3.000000000E0,3.000000000E0,2.700000000E1
1.377403765E2,6.504531934E1,2.543636760E1,1.151768203E1,2.900000000E1,3.799999952E-1,3.388999939E2,1.666473421E-1,2.500000000E0,3.000000000E0,2.600000000E1
1.387369702E2,6.504532537E1,2.543635150E1,1.151767798E1,2.900000000E1,8.299999833E-1,8.800000191E0,1.681263565E-1,3.000000000E0,4.000000000E0,2.800000000E1
1.397439918E2,6.504533631E1,2.543633357E1,1.151767175E1,2.900000000E1,1.240000010E0,4.699999809E0,1.694191504E-1,3.000000000E0,4.000000000E0,2.800000000E1
1.407436673E2,6.504534792E1,2.543633206E1,1.151766686E1,2.900000000E1,1.379999995E0,1.500000000E0,1.715426354E-1,3.000000000E0,3.000000000E0,1.600000000E1
1.417453934E2,6.504536544E1,2.543631404E1,1.051765793E1,2.800000000E1,8.700000048E-1,3.570000000E2,1.736583057E-1,3.500000000E0,4.000000000E0,2.200000000E1
1.427478035E2,6.504538367E1,2.543630113E1,9.517649211E0,2.700000000E1,1.189999938E0,2.200000048E0,1.750350223E-1,3.000000000E0,3.000000000E0,2.200000000E1
1.437398901E2,6.504539574E1,2.543630767E1,9.517644929E0,2.700000000E1,1.069999933E0,4.900000095E0,1.768855569E-1,3.000000000E0,4.000000000E0,1.500000000E1
1.447468102E2,6.504541234E1,2.543630473E1,9.517637864E0,2.700000000E1,1.159999967E0,6.000000238E-1,1.786631610E-1,3.000000000E0,4.000000000E0,1.600000000E1
1.457496689E2,6.504542793E1,2.543629635E1,9.517630671E0,2.700000000E1,1.179999948E0,6.400000095E0,1.800752284E-1,3.000000000E0,4.000000000E0,1.700000000E1
1.467442884E2,6.504544063E1,2.543629610E1,8.517625462E0,2.600000000E1,1.069999933E0,1.000000000E0,1.814683606E-1,2.500000000E0,3.000000000E0,2.500000000E1
1.477438923E2,6.504545202E1,2.543628378E1,8.517619591E0,2.600000000E1,1.129999995E0,3.553999939E2,1.830267921E-1,2.500000000E0,3.000000000E0,2.200000000E1
1.487473336E2,6.504546552E1,2.543627481E1,8.517613196E0,2.600000000E1,1.110000014E0,3.525000000E2,1.842756565E-1,2.000000000E0,3.000000000E0,2.400000000E1
1.497463715E2,6.504547654E1,2.543626970E1,8.517608191E0,2.600000000E1,1.000000000E0,3.462999878E2,1.858665029E-1,2.500000000E0,3.000000000E0,2.700000000E1
1.507460584E2,6.504548836E1,2.543625059E1,8.517601478E0,2.600000000E1,1.129999995E0,3.487999878E2,1.873502420E-1,3.000000000E0,4.000000000E0,2.600000000E1
1.517543743E2,6.504550077E1,2.543623894E1,8.517595262E0,2.600000000E1,1.179999948E0,3.580000000E2,1.885994590E-1,2.500000000E0,3.000000000E0,2.800000000E1
1.527457884E2,6.504551200E1,2.543623835E1,8.517590618E0,2.600000000E1,9.899999499E-1,3.558999939E2,1.897222011E-1,2.500000000E0,3.000000000E0,2.400000000E1
1.537470872E2,6.504552206E1,2.543623625E1,8.517586304E0,2.600000000E1,1.059999943E0,3.535000000E2,1.909703233E-1,2.500000000E0,3.000000000E0,2.600000000E1
1.547455380E2,6.504553220E1,2.543622485E1,8.517581036E0,2.600000000E1,1.039999962E0,3.527000122E2,1.921229997E-1,2.500000000E0,3.000000000E0,2.400000000E1
1.557413369E2,6.504554117E1,2.543621253E1,8.517576157E0,2.600000000E1,9.399999976E-1,3.532999878E2,1.931429223E-1,2.500000000E0,3.000000000E0,2.500000000E1
1.567490947E2,6.504554942E1,2.543620306E1,8.517571850E0,2.600000000E1,1.049999952E0,3.502999878E2,1.943518648E-1,2.000000000E0,3.000000000E0,2.500000000E1
1.577484893E2,6.504555977E1,2.543619518E1,7.517566844E0,2.500000000E1,9.599999785E-1,3.546000061E2,1.953048484E-1,2.000000000E0,3.000000000E0,2.300000000E1
1.587425267E2,6.504556795E1,2.543618906E1,7.517562902E0,2.500000000E1,1.039999962E0,3.582000122E2,1.961782208E-1,2.000000000E0,3.000000000E0,2.200000000E1
1.597470137E2,6.504557557E1,2.543618462E1,7.517559348E0,2.500000000E1,9.099999666E-1,2.700000048E0,1.972031695E-1,2.000000000E0,3.000000000E0,1.800000000E1
1.607501001E2,6.504558241E1,2.543619929E1,7.517558008E0,2.500000000E1,4.499999881E-1,5.699999809E0,1.976143962E-1,2.000000000E0,3.000000000E0,2.400000000E1
1.617534191E2,6.504558509E1,2.543619325E1,6.517556316E0,2.400000000E1,1.799999923E-1,7.500000000E0,1.991071540E-1,2.000000000E0,3.000000000E0,1.500000000E1
1.627456385E2,6.504559477E1,2.543621530E1,6.517554542E0,2.400000000E1,6.100000143E-1,2.000000000E1,2.009727165E-1,2.000000000E0,3.000000000E0,2.900000000E1
1.637488748E2,6.504560851E1,2.543623810E1,6.517551183E0,2.400000000E1,5.899999738E-1,2.179999924E1,2.021377934E-1,1.500000000E0,3.000000000E0,2.900000000E1
1.647511385E2,6.504561857E1,2.543624505E1,6.517547763E0,2.400000000E1,6.299999952E-1,3.700000048E0,2.028946206E-1,1.500000000E0,3.000000000E0,2.400000000E1
1.657457211E2,6.504562528E1,2.543624782E1,5.517545299E0,2.300000000E1,6.200000048E-1,3.560000000E2,2.038275294E-1,2.000000000E0,3.000000000E0,2.600000000E1
1.667409399E2,6.504563169E1,2.543626064E1,6.517543949E0,2.400000000E1,5.699999928E-1,3.528999939E2,2.049644374E-1,1.500000000E0,3.000000000E0,2.900000000E1
1.677422771E2,6.504564137E1,2.543625285E1,5.517539225E0,2.300000000E1,1.000000000E0,3.512999878E2,2.063732009E-1,2.000000000E0,3.000000000E0,2.400000000E1
1.687460572E2,6.504565403E1,2.543625419E1,5.517534190E0,2.300000000E1,8.700000048E-1,3.508999939E2,2.076449352E-1,2.000000000E0,3.000000000E0,2.500000000E1
1.697399263E2,6.504566534E1,2.543625025E1,5.517529180E0,2.300000000E1,8.700000048E-1,3.487000122E2,2.089179667E-1,2.000000000E0,3.000000000E0,2.500000000E1
1.707476828E2,6.504567674E1,2.543625277E1,5.517524774E0,2.300000000E1,9.199999571E-1,3.495000000E2,2.102304581E-1,2.000000000E0,3.000000000E0,2.700000000E1
1.717473075E2,6.504568848E1,2.543625578E1,4.517520281E0,2.200000000E1,8.999999762E-1,3.511000061E2,2.112256601E-1,2.000000000E0,3.000000000E0,2.900000000E1
1.727458920E2,6.504569728E1,2.543625193E1,5.517516306E0,2.300000000E1,8.599999547E-1,3.555000000E2,2.119118262E-1,2.000000000E0,3.000000000E0,2.700000000E1
1.737411111E2,6.504570344E1,2.543625109E1,4.517513708E0,2.200000000E1,8.100000024E-1,3.563999939E2,2.127816251E-1,2.000000000E0,3.000000000E0,2.200000000E1
1.747420133E2,6.504571103E1,2.543624656E1,4.517510162E0,2.200000000E1,1.039999962E0,3.570000000E2,2.141284530E-1,2.500000000E0,3.000000000E0,2.500000000E1
1.757473376E2,6.504572314E1,2.543624631E1,4.517505192E0,2.200000000E1,9.399999976E-1,3.587999878E2,2.152866492E-1,2.000000000E0,3.000000000E0,2.400000000E1
1.767466408E2,6.504573336E1,2.543624162E1,3.517500552E0,2.100000000E1,9.699999690E-1,3.577000122E2,2.164620183E-1,2.000000000E0,3.000000000E0,2.200000000E1
1.777480959E2,6.504574363E1,2.543623567E1,3.517495771E0,2.100000000E1,9.499999881E-1,1.100000024E0,2.172589386E-1,2.000000000E0,3.000000000E0,2.500000000E1
1.787493958E2,6.504575080E1,2.543623583E1,3.517492861E0,2.100000000E1,8.599999547E-1,3.575000000E2,2.180408395E-1,2.000000000E0,3.000000000E0,2.700000000E1
1.797422398E2,6.504575767E1,2.543623231E1,2.517489706E0,2.000000000E1,7.699999809E-1,3.512999878E2,2.189891646E-1,2.000000000E0,3.000000000E0,2.700000000E1
1.807455572E2,6.504576509E1,2.543622234E1,2.517485690E0,2.000000000E1,7.899999619E-1,3.507000122E2,2.198332792E-1,2.000000000E0,3.000000000E0,2.900000000E1
1.817493593E2,6.504577263E1,2.543622033E1,2.517482410E0,2.000000000E1,8.599999547E-1,3.575000000E2,2.206649260E-1,2.500000000E0,3.000000000E0,2.900000000E1
1.827501113E2,6.504578005E1,2.543622259E1,2.517479605E0,2.000000000E1,7.400000095E-1,3.532999878E2,2.217004254E-1,2.500000000E0,3.000000000E0,2.300000000E1
1.837490681E2,6.504578927E1,2.543621949E1,1.517475533E0,1.900000000E1,4.599999785E-1,3.517999878E2,2.230507868E-1,2.000000000E0,3.000000000E0,2.400000000E1
1.847491932E2,6.504580013E1,2.543623240E1,1.517472379E0,1.900000000E1,5.600000024E-1,3.481000061E2,2.239570664E-1,2.000000000E0,3.000000000E0,2.900000000E1
1.857494281E2,6.504580779E1,2.543622586E1,1.517468600E0,1.900000000E1,6.399999857E-1,3.527999878E2,2.248967276E-1,2.000000000E0,3.000000000E0,2.300000000E1
1.867483134E2,6.504581584E1,2.543621974E1,5.174647080E-1,1.800000000E1,5.600000024E-1,7.199999809E0,2.264296501E-1,2.000000000E0,3.000000000E0,1.900000000E1
1.877511474E2,6.504582888E1,2.543623039E1,5.174604401E-1,1.800000000E1,4.499999881E-1,1.210000038E1,2.274754124E-1,2.000000000E0,3.000000000E0,3.000000000E1
1.887479189E2,6.504583826E1,2.543623173E1,1.517456740E0,1.900000000E1,1.799999923E-1,1.500000000E1,2.278035353E-1,2.000000000E0,3.000000000E0,2.800000000E1
1.897459541E2,6.504584120E1,2.543623248E1,2.517455616E0,2.000000000E1,3.499999940E-1,1.660000038E1,2.287005755E-1,2.000000000E0,3.000000000E0,2.900000000E1
1.907509356E2,6.504584908E1,2.543622837E1,3.517451992E0,2.100000000E1,5.099999905E-1,1.899999976E0,2.297830422E-1,2.000000000E0,3.000000000E0,2.800000000E1
1.917515824E2,6.504585838E1,2.543622158E1,4.517447521E0,2.200000000E1,5.199999809E-1,3.571000061E2,2.305397053E-1,2.000000000E0,3.000000000E0,2.800000000E1
1.927523610E2,6.504586504E1,2.543621832E1,3.517444476E0,2.100000000E1,6.100000143E-1,3.516000061E2,2.309272146E-1,2.000000000E0,3.000000000E0,2.200000000E1
1.937412654E2,6.504586852E1,2.543621781E1,3.517443006E0,2.100000000E1,4.899999797E-1,3.478999939E2,2.316189546E-1,2.000000000E0,3.000000000E0,2.800000000E1
1.947475290E2,6.504587380E1,2.543621002E1,3.517440077E0,2.100000000E1,5.699999928E-1,3.348999939E2,2.323112359E-1,2.000000000E0,3.000000000E0,3.100000000E1
1.957497845E2,6.504587942E1,2.543620365E1,3.517437152E0,2.100000000E1,7.799999714E-1,3.266000061E2,2.336446918E-1,2.000000000E0,3.000000000E0,2.700000000E1
1.967531639E2,6.504589036E1,2.543619200E1,3.517431531E0,2.100000000E1,7.500000000E-1,3.261000061E2,2.346768701E-1,2.000000000E0,3.000000000E0,2.700000000E1
1.977479217E2,6.504589886E1,2.543618320E1,3.517427185E0,2.100000000E1,7.599999905E-1,3.332000122E2,2.357856860E-1,2.000000000E0,3.000000000E0,2.800000000E1
1.987513833E2,6.504590880E1,2.543618110E1,3.517422921E0,2.100000000E1,7.999999523E-1,3.371000061E2,2.369101960E-1,2.000000000E0,3.000000000E0,2.600000000E1
1.997478466E2,6.504591831E1,2.543617297E1,2.517418230E0,2.000000000E1,6.699999571E-1,3.386000061E2,2.378579988E-1,2.000000000E0,3.000000000E0,2.600000000E1
2.007485680E2,6.504592627E1,2.543616576E1,2.517414263E0,2.000000000E1,6.699999571E-1,3.500000000E2,2.387958301E-1,2.500000000E0,3.000000000E0,2.600000000E1
2.017491555E2,6.504593377E1,2.543615662E1,2.517410294E0,2.000000000E1,6.499999762E-1,3.578999939E2,2.401032152E-1,2.500000000E0,3.000000000E0,3.100000000E1
2.027488295E2,6.504594513E1,2.543614942E1,2.517404941E0,2.000000000E1,8.799999952E-1,0.000000000E0,2.411419817E-1,2.500000000E0,3.000000000E0,2.900000000E1
2.037496355E2,6.504595381E1,2.543614120E1,2.517400584E0,2.000000000E1,5.899999738E-1,3.596000061E2,2.423470287E-1,2.500000000E0,3.000000000E0,2.200000000E1
2.047490375E2,6.504596382E1,2.543613140E1,1.517395520E0,1.900000000E1,6.399999857E-1,3.575000000E2,2.435723280E-1,2.500000000E0,4.000000000E0,2.100000000E1
2.057489630E2,6.504597346E1,2.543611874E1,1.517390328E0,1.900000000E1,5.199999809E-1,3.541000061E2,2.449814393E-1,2.000000000E0,3.000000000E0,2.200000000E1
2.067438386E2,6.504598499E1,2.543610625E1,1.517384383E0,1.900000000E1,7.699999809E-1,3.440000000E2,2.461687860E-1,2.500000000E0,4.000000000E0,2.400000000E1
2.077534433E2,6.504599542E1,2.543610089E1,5.173795882E-1,1.800000000E1,5.699999928E-1,3.491000061E2,2.469254787E-1,2.500000000E0,3.000000000E0,2.700000000E1
2.087542853E2,6.504600217E1,2.543610298E1,5.173770401E-1,1.800000000E1,5.799999833E-1,3.598999939E2,2.478978847E-1,2.500000000E0,4.000000000E0,2.300000000E1
2.097471504E2,6.504601072E1,2.543610734E1,5.173739805E-1,1.800000000E1,5.899999738E-1,1.050000000E1,2.499692628E-1,2.000000000E0,3.000000000E0,2.000000000E1
2.107478580E2,6.504602887E1,2.543611731E1,5.173675583E-1,1.800000000E1,4.799999893E-1,1.580000019E1,2.518915189E-1,2.500000000E0,4.000000000E0,2.700000000E1
2.117524382E2,6.504604559E1,2.543612771E1,5.173617600E-1,1.800000000E1,4.899999797E-1,1.500000000E1,2.540608967E-1,2.000000000E0,3.000000000E0,2.800000000E1
2.127520984E2,6.504606470E1,2.543613701E1,1.517354878E0,1.900000000E1,5.999999642E-1,9.399999619E0,2.554356394E-1,2.000000000E0,3.000000000E0,2.900000000E1
2.137500619E2,6.504607706E1,2.543613710E1,1.517349837E0,1.900000000E1,7.999999523E-1,3.400000095E0,2.567668009E-1,2.000000000E0,3.000000000E0,2.100000000E1
2.147478908E2,6.504608892E1,2.543614095E1,1.517345376E0,1.900000000E1,7.299999595E-1,3.545000000E2,2.580483095E-1,2.000000000E0,3.000000000E0,1.500000000E1
2.157465581E2,6.504609990E1,2.543613265E1,1.517340068E0,1.900000000E1,5.000000000E-1,3.437999878E2,2.600956321E-1,2.000000000E0,3.000000000E0,2.500000000E1
2.167491757E2,6.504611524E1,2.543610851E1,3.517331406E0,2.100000000E1,5.600000024E-1,3.387999878E2,2.616692104E-1,2.000000000E0,4.000000000E0,2.900000000E1
2.177507468E2,6.504612740E1,2.543609133E1,5.517324736E0,2.300000000E1,6.699999571E-1,3.361000061E2,2.631073991E-1,2.000000000E0,4.000000000E0,2.800000000E1
2.187479547E2,6.504613892E1,2.543607742E1,5.517318647E0,2.300000000E1,7.599999905E-1,3.427999878E2,2.642595512E-1,2.000000000E0,3.000000000E0,2.900000000E1
2.197497290E2,6.504614894E1,2.543607113E1,5.517313931E0,2.300000000E1,8.799999952E-1,3.387000122E2,2.650743373E-1,2.000000000E0,3.000000000E0,2.500000000E1
2.207581759E2,6.504615619E1,2.543606861E1,5.517310720E0,2.300000000E1,9.499999881E-1,3.392999878E2,2.660437291E-1,2.000000000E0,3.000000000E0,2.900000000E1
2.217541122E2,6.504616390E1,2.543605898E1,5.517306612E0,2.300000000E1,7.699999809E-1,3.457999878E2,2.667193691E-1,2.000000000E0,3.000000000E0,2.900000000E1
2.227524147E2,6.504616981E1,2.543605562E1,5.517303866E0,2.300000000E1,7.099999785E-1,3.591000061E2,2.673392156E-1,2.000000000E0,3.000000000E0,2.800000000E1
2.237523943E2,6.504617538E1,2.543605546E1,5.517301572E0,2.300000000E1,9.699999690E-1,3.553999939E2,2.681166087E-1,2.000000000E0,3.000000000E0,3.000000000E1
2.247516881E2,6.504618184E1,2.543604909E1,5.517298303E0,2.300000000E1,5.500000119E-1,3.495000000E2,2.690303341E-1,2.000000000E0,3.000000000E0,2.900000000E1
2.257499660E2,6.504618724E1,2.543603442E1,5.517294637E0,2.300000000E1,6.100000143E-1,3.387999878E2,2.699123627E-1,2.000000000E0,3.000000000E0,2.400000000E1
2.267532143E2,6.504619433E1,2.543602595E1,5.517290903E0,2.300000000E1,7.099999785E-1,3.177999878E2,2.710438548E-1,2.000000000E0,3.000000000E0,2.700000000E1
2.277484720E2,6.504620128E1,2.543600835E1,6.517286312E0,2.400000000E1,6.399999857E-1,3.075000000E2,2.722030920E-1,2.000000000E0,3.000000000E0,2.800000000E1
2.287519475E2,6.504621042E1,2.543599645E1,6.517281397E0,2.400000000E1,6.699999571E-1,3.086000061E2,2.733523772E-1,2.000000000E0,3.000000000E0,3.000000000E1
2.297511150E2,6.504621989E1,2.543598664E1,6.517276553E0,2.400000000E1,5.399999619E-1,3.220000000E2,2.743873866E-1,2.000000000E0,3.000000000E0,2.800000000E1
2.307479436E2,6.504622806E1,2.543597608E1,6.517272164E0,2.400000000E1,5.799999833E-1,3.158999939E2,2.750687516E-1,2.000000000E0,3.000000000E0,2.800000000E1
2.317480061E2,6.504623309E1,2.543596778E1,6.517269285E0,2.400000000E1,5.500000119E-1,3.158999939E2,2.758083123E-1,2.000000000E0,3.000000000E0,3.000000000E1
2.327449567E2,6.504623724E1,2.543595546E1,6.517266365E0,2.400000000E1,5.399999619E-1,3.162999878E2,2.766167357E-1,2.000000000E0,3.000000000E0,2.800000000E1
2.337482790E2,6.504624143E1,2.543594138E1,6.517263253E0,2.400000000E1,4.199999869E-1,3.147999878E2,2.778578965E-1,2.000000000E0,3.000000000E0,2.800000000E1
2.347500942E2,6.504624960E1,2.543592336E1,6.517258123E0,2.400000000E1,5.199999809E-1,3.166000061E2,2.789702637E-1,2.000000000E0,3.000000000E0,3.000000000E1
2.357506894E2,6.504625790E1,2.543591011E1,6.517253416E0,2.400000000E1,5.600000024E-1,3.207999878E2,2.802574020E-1,2.000000000E0,3.000000000E0,2.900000000E1
2.367465589E2,6.504626846E1,2.543589888E1,6.517247984E0,2.400000000E1,9.799999595E-1,3.311000061E2,2.817161186E-1,2.000000000E0,3.000000000E0,2.500000000E1
2.377524808E2,6.504628037E1,2.543588581E1,5.517241820E0,2.300000000E1,9.199999571E-1,3.378999939E2,2.828311638E-1,2.000000000E0,3.000000000E0,2.600000000E1
2.387499019E2,6.504629030E1,2.543588254E1,4.517237436E0,2.200000000E1,7.599999905E-1,3.416000061E2,2.847819711E-1,1.500000000E0,3.000000000E0,2.800000000E1
2.397512857E2,6.504630761E1,2.543587575E1,3.517229688E0,2.100000000E1,9.199999571E-1,3.455000000E2,2.857076393E-1,1.500000000E0,3.000000000E0,2.600000000E1
2.407487994E2,6.504631549E1,2.543586938E1,3.517225835E0,2.100000000E1,7.199999690E-1,3.462000122E2,2.866025605E-1,2.000000000E0,3.000000000E0,3.000000000E1
2.417521422E2,6.504632316E1,2.543586359E1,2.517222126E0,2.000000000E1,1.000000000E0,3.501000061E2,2.877617629E-1,1.500000000E0,3.000000000E0,2.700000000E1
2.427593609E2,6.504633141E1,2.543584851E1,2.517217251E0,2.000000000E1,9.499999881E-1,3.416000061E2,2.889787631E-1,2.000000000E0,3.000000000E0,2.800000000E1
2.437459354E2,6.504634126E1,2.543583719E1,2.517212101E0,2.000000000E1,9.300000072E-1,3.297000122E2,2.901961461E-1,2.000000000E0,3.000000000E0,2.800000000E1
2.447453924E2,6.504635103E1,2.543582546E1,2.517206943E0,2.000000000E1,1.090000033E0,3.333999939E2,2.911559865E-1,2.000000000E0,3.000000000E0,3.100000000E1
2.457487234E2,6.504635916E1,2.543581858E1,2.517202936E0,2.000000000E1,6.899999976E-1,3.285000000E2,2.922895549E-1,2.000000000E0,3.000000000E0,2.800000000E1
2.467452388E2,6.504636653E1,2.543580190E1,2.517198262E0,2.000000000E1,8.799999952E-1,3.202999878E2,2.933507293E-1,2.000000000E0,3.000000000E0,2.500000000E1
2.477501031E2,6.504637437E1,2.543578899E1,2.517193774E0,2.000000000E1,7.299999595E-1,3.237999878E2,2.945274776E-1,2.000000000E0,3.000000000E0,2.800000000E1
2.487534270E2,6.504638434E1,2.543578061E1,1.517188863E0,1.900000000E1,7.400000095E-1,3.237999878E2,2.954808331E-1,2.000000000E0,3.000000000E0,2.600000000E1
2.497514777E2,6.504639193E1,2.543577114E1,1.517184820E0,1.900000000E1,7.400000095E-1,3.221000061E2,2.963844493E-1,2.000000000E0,3.000000000E0,2.700000000E1
2.507488166E2,6.504639780E1,2.543575781E1,2.517181096E0,2.000000000E1,6.200000048E-1,3.193999939E2,2.971037044E-1,2.000000000E0,3.000000000E0,2.500000000E1
2.517607512E2,6.504640262E1,2.543574759E1,2.517178108E0,2.000000000E1,7.400000095E-1,3.158999939E2,2.982166268E-1,2.000000000E0,3.000000000E0,2.800000000E1
2.527514446E2,6.504640840E1,2.543572823E1,2.517173817E0,2.000000000E1,6.200000048E-1,3.061000061E2,2.990122997E-1,2.000000000E0,3.000000000E0,3.000000000E1
2.537528280E2,6.504641096E1,2.543571238E1,3.517171195E0,2.100000000E1,6.999999881E-1,3.037000122E2,2.999558536E-1,2.000000000E0,3.000000000E0,2.900000000E1
2.547498718E2,6.504641590E1,2.543569604E1,3.517167546E0,2.100000000E1,7.400000095E-1,2.962000122E2,3.009660363E-1,2.000000000E0,3.000000000E0,3.000000000E1
2.557467787E2,6.504642277E1,2.543568196E1,3.517163335E0,2.100000000E1,8.599999547E-1,2.956000061E2,3.026494127E-1,2.000000000E0,3.000000000E0,2.900000000E1
2.567516171E2,6.504643057E1,2.543565120E1,4.517157086E0,2.200000000E1,1.129999995E0,2.963999939E2,3.039972976E-1,2.000000000E0,3.000000000E0,2.700000000E1
2.577515694E2,6.504643510E1,2.543562454E1,4.517152581E0,2.200000000E1,1.129999995E0,3.011000061E2,3.057227177E-1,2.000000000E0,3.000000000E0,2.900000000E1
2.587485807E2,6.504644536E1,2.543559697E1,4.517145638E0,2.200000000E1,1.379999995E0,3.112999878E2,3.077741546E-1,2.000000000E0,3.000000000E0,2.800000000E1
2.597501525E2,6.504645626E1,2.543556168E1,4.517137668E0,2.200000000E1,1.419999957E0,3.077999878E2,3.092552414E-1,2.000000000E0,3.000000000E0,2.900000000E1
2.607460480E2,6.504646192E1,2.543553310E1,4.517132508E0,2.200000000E1,1.259999990E0,3.005000000E2,3.104344528E-1,2.000000000E0,3.000000000E0,2.800000000E1
2.617503185E2,6.504646732E1,2.543551147E1,4.517128144E0,2.200000000E1,8.999999762E-1,2.946000061E2,3.116858703E-1,2.000000000E0,3.000000000E0,2.800000000E1
2.627475120E2,6.504647118E1,2.543548641E1,4.517124071E0,2.200000000E1,9.199999571E-1,2.827999878E2,3.128481811E-1,1.500000000E0,3.000000000E0,2.900000000E1
2.637493693E2,6.504647256E1,2.543546185E1,4.517121060E0,2.200000000E1,8.899999857E-1,2.757999878E2,3.139302981E-1,2.000000000E0,3.000000000E0,3.000000000E1
2.647481958E2,6.504647713E1,2.543544148E1,5.517117163E0,2.300000000E1,1.009999990E0,2.806000061E2,3.151515769E-1,1.500000000E0,3.000000000E0,3.100000000E1
2.657488104E2,6.504648057E1,2.543541675E1,5.517113294E0,2.300000000E1,9.199999571E-1,2.837000122E2,3.164940826E-1,1.500000000E0,3.000000000E0,3.000000000E1
2.667502996E2,6.504648547E1,2.543539060E1,6.517108684E0,2.400000000E1,1.299999952E0,2.980000000E2,3.179107478E-1,2.000000000E0,3.000000000E0,3.000000000E1
2.677431228E2,6.504649058E1,2.543536294E1,6.517103837E0,2.400000000E1,1.120000005E0,3.008999939E2,3.192758360E-1,2.000000000E0,3.000000000E0,3.000000000E1
2.687522598E2,6.504649490E1,2.543533570E1,7.517099358E0,2.500000000E1,1.059999943E0,2.990000000E2,3.206461415E-1,2.000000000E0,3.000000000E0,3.100000000E1
2.697509658E2,6.504649876E1,2.543530796E1,7.517095017E0,2.500000000E1,1.079999924E0,2.990000000E2,3.217792091E-1,2.000000000E0,3.000000000E0,3.100000000E1
2.707473405E2,6.504650144E1,2.543528466E1,8.517091598E0,2.600000000E1,9.399999976E-1,2.980000000E2,3.227123344E-1,2.000000000E0,3.000000000E0,3.000000000E1
2.717462925E2,6.504650303E1,2.543526513E1,8.517089001E0,2.600000000E1,1.039999962E0,3.025000000E2,3.237362492E-1,1.500000000E0,3.000000000E0,3.100000000E1
2.727436558E2,6.504650584E1,2.543524434E1,9.517085781E0,2.700000000E1,9.599999785E-1,3.011000061E2,3.248806402E-1,2.000000000E0,3.000000000E0,3.000000000E1
2.737502719E2,6.504650865E1,2.543522087E1,9.517082294E0,2.700000000E1,1.199999928E0,3.015000000E2,3.263218170E-1,2.000000000E0,3.000000000E0,3.100000000E1
2.747507752E2,6.504651322E1,2.543519212E1,9.517077560E0,2.700000000E1,9.899999499E-1,3.001000061E2,3.275616744E-1,2.000000000E0,3.000000000E0,3.100000000E1
2.757452513E2,6.504651372E1,2.543516572E1,1.051707472E1,2.800000000E1,9.399999976E-1,2.911000061E2,3.289223631E-1,2.000000000E0,3.000000000E0,3.000000000E1
2.767475172E2,6.504651393E1,2.543513671E1,1.051707175E1,2.800000000E1,1.079999924E0,2.846000061E2,3.303384121E-1,2.000000000E0,3.000000000E0,3.100000000E1
2.777523838E2,6.504651531E1,2.543510671E1,1.151706819E1,2.900000000E1,1.090000033E0,2.828999939E2,3.317446033E-1,2.000000000E0,3.000000000E0,3.000000000E1
2.787466888E2,6.504651837E1,2.543507762E1,1.151706404E1,2.900000000E1,1.289999962E0,2.842000122E2,3.330655816E-1,2.000000000E0,3.000000000E0,3.100000000E1
2.797492891E2,6.504652109E1,2.543505021E1,1.151706020E1,2.900000000E1,1.149999976E0,2.855000000E2,3.342719302E-1,2.000000000E0,3.000000000E0,3.000000000E1
2.807488545E2,6.504652453E1,2.543502582E1,1.251705636E1,3.000000000E1,1.129999995E0,2.866000061E2,3.353809244E-1,2.000000000E0,3.000000000E0,3.100000000E1
2.817522711E2,6.504652436E1,2.543500219E1,1.251705407E1,3.000000000E1,1.240000010E0,2.833999939E2,3.367277503E-1,2.000000000E0,3.000000000E0,2.900000000E1
2.827490603E2,6.504652369E1,2.543497352E1,1.251705149E1,3.000000000E1,1.259999990E0,2.805000000E2,3.381710828E-1,2.000000000E0,3.000000000E0,3.000000000E1
2.837508808E2,6.504652344E1,2.543494276E1,1.251704853E1,3.000000000E1,1.100000024E0,2.765000000E2,3.388576824E-1,2.000000000E0,3.000000000E0,3.100000000E1
2.847492184E2,6.504652260E1,2.543492826E1,1.251704743E1,3.000000000E1,1.599999964E-1,2.746000061E2,3.388759745E-1,2.000000000E0,3.000000000E0,2.900000000E1
2.857398827E2,6.504652273E1,2.543492801E1,1.251704735E1,3.000000000E1,0.000000000E0,NaN,3.389074309E-1,2.000000000E0,3.000000000E0,3.100000000E1
2.867500554E2,6.504652273E1,2.543492734E1,1.251704729E1,3.000000000E1,0.000000000E0,NaN,3.389074309E-1,2.000000000E0,3.000000000E0,3.100000000E1
2.877480213E2,6.504652273E1,2.543492734E1,1.251704729E1,3.000000000E1,0.000000000E0,NaN,3.389074309E-1,2.000000000E0,3.000000000E0,2.900000000E1
2.887475797E2,6.504652273E1,2.543492734E1,1.251704729E1,3.000000000E1,0.000000000E0,NaN,3.395222452E-1,1.500000000E0,3.000000000E0,3.100000000E1
2.897506363E2,6.504652105E1,2.543493982E1,1.251704922E1,3.000000000E1,7.699999809E-1,2.748999939E2,3.409102661E-1,2.000000000E0,3.000000000E0,2.900000000E1
2.907506183E2,6.504652109E1,2.543491024E1,1.251704625E1,3.000000000E1,1.689999938E0,2.697000122E2,3.422958840E-1,1.500000000E0,3.000000000E0,2.700000000E1
2.917496954E2,6.504652168E1,2.543488073E1,1.251704307E1,3.000000000E1,1.240000010E0,2.706000061E2,3.434778526E-1,1.500000000E0,3.000000000E0,2.900000000E1
2.927506181E2,6.504652235E1,2.543485559E1,1.251704029E1,3.000000000E1,1.149999976E0,2.771000061E2,3.443919855E-1,1.500000000E0,3.000000000E0,3.100000000E1
2.937439809E2,6.504652428E1,2.543483664E1,1.151703761E1,2.900000000E1,1.139999986E0,2.786000061E2,3.456729648E-1,1.500000000E0,3.000000000E0,2.900000000E1
2.947463674E2,6.504652508E1,2.543480940E1,1.151703457E1,2.900000000E1,1.269999981E0,2.767999878E2,3.471600093E-1,1.500000000E0,3.000000000E0,2.800000000E1
2.957484824E2,6.504652550E1,2.543477772E1,1.151703124E1,2.900000000E1,1.259999990E0,2.750000000E2,3.484081148E-1,1.500000000E0,3.000000000E0,3.100000000E1
2.967448767E2,6.504652688E1,2.543475132E1,1.151702805E1,2.900000000E1,1.240000010E0,2.777999878E2,3.498692358E-1,1.500000000E0,3.000000000E0,3.000000000E1
2.977472736E2,6.504652809E1,2.543472030E1,1.151702446E1,2.900000000E1,1.279999971E0,2.732000122E2,3.511678349E-1,1.500000000E0,3.000000000E0,2.900000000E1
2.987459526E2,6.504653036E1,2.543469314E1,1.151702083E1,2.900000000E1,1.189999938E0,2.730000000E2,3.524101487E-1,1.500000000E0,3.000000000E0,2.800000000E1
2.997425587E2,6.504653212E1,2.543466699E1,1.151701750E1,2.900000000E1,1.289999962E0,2.718999939E2,3.537260058E-1,2.000000000E0,3.000000000E0,2.900000000E1
3.007487939E2,6.504653329E1,2.543463908E1,1.151701424E1,2.900000000E1,1.209999919E0,2.682000122E2,3.549578920E-1,2.000000000E0,3.000000000E0,3.000000000E1
3.017457012E2,6.504653228E1,2.543461293E1,1.151701204E1,2.900000000E1,1.100000024E0,2.587000122E2,3.563655506E-1,1.500000000E0,3.000000000E0,2.800000000E1
3.027503888E2,6.504653065E1,2.543458317E1,1.051700975E1,2.800000000E1,1.199999928E0,2.568999939E2,3.579073976E-1,2.000000000E0,3.000000000E0,2.800000000E1
3.037521949E2,6.504652684E1,2.543455157E1,1.051700816E1,2.800000000E1,1.169999957E0,2.617000122E2,3.593033982E-1,2.000000000E0,3.000000000E0,2.800000000E1
3.047492766E2,6.504652550E1,2.543452199E1,1.051700576E1,2.800000000E1,1.240000010E0,2.612999878E2,3.605382019E-1,2.000000000E0,3.000000000E0,2.900000000E1
3.057467960E2,6.504652566E1,2.543449567E1,1.051700307E1,2.800000000E1,1.220000029E0,2.617000122E2,3.617878019E-1,2.000000000E0,3.000000000E0,2.900000000E1
3.067520959E2,6.504652487E1,2.543446910E1,1.051700075E1,2.800000000E1,1.169999957E0,2.597000122E2,3.631829005E-1,2.000000000E0,3.000000000E0,2.800000000E1
3.077461239E2,6.504652063E1,2.543444110E1,1.051699970E1,2.800000000E1,1.240000010E0,2.538999939E2,3.644389196E-1,2.000000000E0,3.000000000E0,2.800000000E1
3.087503177E2,6.504652005E1,2.543441436E1,1.051699727E1,2.800000000E1,1.220000029E0,2.578999939E2,3.657697891E-1,2.000000000E0,3.000000000E0,2.700000000E1
3.097472972E2,6.504652068E1,2.543438603E1,1.051699419E1,2.800000000E1,1.169999957E0,2.698999939E2,3.669963196E-1,2.000000000E0,3.000000000E0,2.800000000E1
3.107512935E2,6.504652218E1,2.543436013E1,1.051699099E1,2.800000000E1,1.149999976E0,2.823999939E2,3.681647777E-1,2.000000000E0,3.000000000E0,2.700000000E1
3.117405725E2,6.504652516E1,2.543433624E1,1.151698739E1,2.900000000E1,1.250000000E0,2.827000122E2,3.696248732E-1,2.000000000E0,3.000000000E0,2.800000000E1
3.127452392E2,6.504652793E1,2.543430582E1,1.151698323E1,2.900000000E1,1.250000000E0,2.885000000E2,3.709485595E-1,2.000000000E0,3.000000000E0,2.900000000E1
3.137538906E2,6.504652990E1,2.543427799E1,1.151697965E1,2.900000000E1,1.189999938E0,2.873999939E2,3.721032460E-1,2.000000000E0,3.000000000E0,2.900000000E1
3.147484057E2,6.504653153E1,2.543425368E1,1.151697656E1,2.900000000E1,9.300000072E-1,2.870000000E2,3.732162592E-1,2.000000000E0,3.000000000E0,2.900000000E1
3.157463710E2,6.504653174E1,2.543422996E1,1.151697411E1,2.900000000E1,9.199999571E-1,2.832999878E2,3.742842851E-1,2.000000000E0,3.000000000E0,2.800000000E1
3.167502875E2,6.504653069E1,2.543420733E1,1.151697228E1,2.900000000E1,8.499999642E-1,2.787000122E2,3.755783066E-1,2.000000000E0,3.000000000E0,2.700000000E1
3.177490752E2,6.504653228E1,2.543418000E1,1.051696890E1,2.800000000E1,1.250000000E0,2.862999878E2,3.770579622E-1,2.000000000E0,3.000000000E0,2.700000000E1
3.187511164E2,6.504653404E1,2.543414874E1,1.151696507E1,2.900000000E1,1.419999957E0,2.847999878E2,3.784266001E-1,2.000000000E0,3.000000000E0,2.800000000E1
3.197476743E2,6.504653379E1,2.543411957E1,1.151696226E1,2.900000000E1,1.250000000E0,2.843999939E2,3.793557325E-1,2.000000000E0,3.000000000E0,2.800000000E1
3.207509933E2,6.504653337E1,2.543409979E1,1.151696046E1,2.900000000E1,1.159999967E0,2.813999939E2,3.802566296E-1,2.000000000E0,3.000000000E0,2.800000000E1
3.217515092E2,6.504653124E1,2.543408127E1,1.051695950E1,2.800000000E1,1.090000033E0,2.766000061E2,3.815272848E-1,2.000000000E0,3.000000000E0,2.700000000E1
3.227469239E2,6.504652964E1,2.543405444E1,1.051695748E1,2.800000000E1,1.059999943E0,2.785000000E2,3.828484856E-1,2.000000000E0,3.000000000E0,2.700000000E1
3.237466093E2,6.504652973E1,2.543402628E1,1.051695464E1,2.800000000E1,1.069999933E0,2.762000122E2,3.841499932E-1,2.000000000E0,3.000000000E0,2.800000000E1
3.247506705E2,6.504652973E1,2.543399854E1,1.051695187E1,2.800000000E1,1.129999995E0,2.797999878E2,3.854603680E-1,2.000000000E0,3.000000000E0,2.600000000E1
3.257495616E2,6.504652927E1,2.543397062E1,1.151694928E1,2.900000000E1,9.599999785E-1,2.786000061E2,3.863914531E-1,2.000000000E0,3.000000000E0,2.700000000E1
3.267440371E2,6.504652759E1,2.543395118E1,1.151694803E1,2.900000000E1,1.059999943E0,2.817999878E2,3.877267693E-1,2.000000000E0,3.000000000E0,2.700000000E1
3.277381842E2,6.504652688E1,2.543392276E1,1.151694549E1,2.900000000E1,1.009999990E0,2.792000122E2,3.888753905E-1,2.000000000E0,3.000000000E0,2.500000000E1
3.287519192E2,6.504652658E1,2.543389829E1,1.151694317E1,2.900000000E1,9.499999881E-1,2.652000122E2,3.897479768E-1,2.000000000E0,3.000000000E0,2.600000000E1
3.297475803E2,6.504652730E1,2.543387976E1,1.151694103E1,2.900000000E1,6.999999881E-1,2.642999878E2,3.909024907E-1,2.000000000E0,3.000000000E0,2.600000000E1
3.307457179E2,6.504652868E1,2.543385537E1,1.151693804E1,2.900000000E1,9.599999785E-1,2.702999878E2,3.922066291E-1,2.000000000E0,3.000000000E0,2.700000000E1
3.317492330E2,6.504653224E1,2.543382889E1,1.151693393E1,2.900000000E1,1.199999928E0,2.827000122E2,3.935654597E-1,2.000000000E0,3.000000000E0,2.600000000E1
3.327473022E2,6.504653677E1,2.543380198E1,1.151692940E1,2.900000000E1,1.149999976E0,2.840000000E2,3.950874184E-1,2.000000000E0,3.000000000E0,2.900000000E1
3.337476426E2,6.504653652E1,2.543376954E1,1.151692627E1,2.900000000E1,1.199999928E0,2.777999878E2,3.966721427E-1,2.000000000E0,3.000000000E0,2.700000000E1
3.347494140E2,6.504653668E1,2.543373576E1,1.151692283E1,2.900000000E1,1.289999962E0,2.757999878E2,3.983487086E-1,2.000000000E0,3.000000000E0,2.900000000E1
3.357456789E2,6.504653509E1,2.543370022E1,1.151691994E1,2.900000000E1,1.370000005E0,2.702999878E2,3.996250982E-1,2.000000000E0,3.000000000E0,2.800000000E1
3.367493607E2,6.504653279E1,2.543367357E1,1.151691823E1,2.900000000E1,1.250000000E0,2.667999878E2,4.009240821E-1,2.000000000E0,3.000000000E0,2.700000000E1
3.377545665E2,6.504653069E1,2.543364633E1,1.051691638E1,2.800000000E1,1.250000000E0,2.698999939E2,4.019779119E-1,2.000000000E0,3.000000000E0,2.700000000E1
3.387496771E2,6.504653078E1,2.543362387E1,1.051691411E1,2.800000000E1,1.189999938E0,2.820000000E2,4.030340083E-1,2.000000000E0,3.000000000E0,2.600000000E1
3.397506385E2,6.504653342E1,2.543360224E1,1.051691087E1,2.800000000E1,1.029999971E0,2.843999939E2,4.042191100E-1,2.000000000E0,3.000000000E0,2.800000000E1
3.407533859E2,6.504653476E1,2.543357718E1,9.516907820E0,2.700000000E1,1.069999933E0,2.887999878E2,4.055566209E-1,2.000000000E0,3.000000000E0,2.700000000E1
3.417513259E2,6.504653853E1,2.543355010E1,9.516903574E0,2.700000000E1,1.189999938E0,2.900000000E2,4.070090494E-1,2.000000000E0,3.000000000E0,2.800000000E1
3.427504739E2,6.504654113E1,2.543351976E1,9.516899483E0,2.700000000E1,1.449999928E0,2.925000000E2,4.085635108E-1,2.000000000E0,3.000000000E0,2.800000000E1
3.437517132E2,6.504654486E1,2.543348783E1,9.516894769E0,2.700000000E1,1.250000000E0,2.922999878E2,4.097876299E-1,2.000000000E0,3.000000000E0,2.900000000E1
3.447545360E2,6.504654620E1,2.543346193E1,9.516891637E0,2.700000000E1,1.279999971E0,2.851000061E2,4.109395636E-1,2.000000000E0,3.000000000E0,2.800000000E1
3.457508617E2,6.504654536E1,2.543343745E1,9.516889542E0,2.700000000E1,1.019999981E0,2.855000000E2,4.120045138E-1,2.000000000E0,3.000000000E0,2.700000000E1
3.467496241E2,6.504654674E1,2.543341499E1,9.516886735E0,2.700000000E1,1.039999962E0,2.867999878E2,4.131375561E-1,2.000000000E0,3.000000000E0,2.700000000E1
3.477501463E2,6.504654641E1,2.543339085E1,9.516884467E0,2.700000000E1,1.209999919E0,2.885000000E2,4.142378217E-1,2.000000000E0,3.000000000E0,2.700000000E1
3.487470993E2,6.504654901E1,2.543336822E1,9.516881145E0,2.700000000E1,1.149999976E0,2.882000122E2,4.154482023E-1,2.000000000E0,3.000000000E0,2.900000000E1
3.497513726E2,6.504654980E1,2.543334248E1,9.516878253E0,2.700000000E1,1.069999933E0,2.886000061E2,4.165524346E-1,2.000000000E0,3.000000000E0,2.900000000E1
3.507508084E2,6.504655093E1,2.543331910E1,9.516875458E0,2.700000000E1,1.240000010E0,2.787999878E2,4.179390934E-1,2.000000000E0,3.000000000E0,2.900000000E1
3.517477949E2,6.504655425E1,2.543329060E1,9.516871257E0,2.700000000E1,1.429999948E0,2.925000000E2,4.194081736E-1,2.000000000E0,3.000000000E0,2.800000000E1
3.527508035E2,6.504655932E1,2.543326168E1,9.516866292E0,2.700000000E1,1.309999943E0,3.025000000E2,4.207822227E-1,2.000000000E0,3.000000000E0,2.700000000E1
3.537479196E2,6.504656259E1,2.543323344E1,9.516862133E0,2.700000000E1,1.120000005E0,3.045000000E2,4.221132417E-1,2.000000000E0,3.000000000E0,2.800000000E1
3.547473089E2,6.504656430E1,2.543320536E1,9.516858628E0,2.700000000E1,1.179999948E0,3.002000122E2,4.233630949E-1,2.000000000E0,3.000000000E0,2.800000000E1
3.557497405E2,6.504656552E1,2.543317887E1,1.051685549E1,2.800000000E1,1.269999981E0,2.917999878E2,4.248672862E-1,2.000000000E0,3.000000000E0,2.800000000E1
3.567555562E2,6.504656430E1,2.543314693E1,1.051685281E1,2.800000000E1,1.319999933E0,2.812999878E2,4.262873664E-1,2.000000000E0,3.000000000E0,2.800000000E1
3.577489745E2,6.504655852E1,2.543311995E1,1.051685249E1,2.800000000E1,1.259999990E0,2.751000061E2,4.273837859E-1,2.000000000E0,3.000000000E0,2.800000000E1
3.587492247E2,6.504655739E1,2.543309673E1,1.051685064E1,2.800000000E1,1.339999914E0,2.736000061E2,4.287579096E-1,2.000000000E0,3.000000000E0,2.900000000E1
3.597483129E2,6.504655852E1,2.543306756E1,1.051684727E1,2.800000000E1,1.209999919E0,2.813999939E2,4.299301124E-1,2.000000000E0,3.000000000E0,2.900000000E1
3.607513119E2,6.504655881E1,2.543304258E1,1.051684466E1,2.800000000E1,1.399999976E0,2.840000000E2,4.313375451E-1,2.000000000E0,3.000000000E0,2.900000000E1
3.617509714E2,6.504656091E1,2.543301299E1,1.151684085E1,2.900000000E1,1.370000005E0,2.927000122E2,4.324701268E-1,2.000000000E0,3.000000000E0,2.900000000E1
3.627413747E2,6.504656108E1,2.543298885E1,1.051683838E1,2.800000000E1,1.179999948E0,2.958999939E2,4.332870875E-1,2.000000000E0,3.000000000E0,2.900000000E1
3.637537495E2,6.504656397E1,2.543297284E1,1.151683559E1,2.900000000E1,9.799999595E-1,3.096000061E2,4.338675065E-1,2.000000000E0,3.000000000E0,2.900000000E1
3.647479514E2,6.504656644E1,2.543296195E1,1.151683349E1,2.900000000E1,7.899999619E-1,3.248999939E2,4.344878094E-1,2.000000000E0,3.000000000E0,2.700000000E1
3.657501868E2,6.504657139E1,2.543295583E1,1.151683085E1,2.900000000E1,9.599999785E-1,3.431000061E2,4.355153424E-1,2.000000000E0,3.000000000E0,2.800000000E1
3.667534044E2,6.504657834E1,2.543294141E1,1.051682655E1,2.800000000E1,9.899999499E-1,3.503999939E2,4.360861809E-1,2.000000000E0,3.000000000E0,2.800000000E1
3.677458721E2,6.504658316E1,2.543293722E1,1.051682415E1,2.800000000E1,8.299999833E-1,3.537999878E2,4.366395566E-1,2.000000000E0,3.000000000E0,2.900000000E1
3.687407288E2,6.504658781E1,2.543294141E1,1.051682265E1,2.800000000E1,1.029999971E0,2.400000095E0,4.373468363E-1,2.000000000E0,3.000000000E0,2.900000000E1
3.697461398E2,6.504659293E1,2.543295038E1,9.516821446E0,2.700000000E1,9.599999785E-1,6.599999905E0,4.385368882E-1,2.000000000E0,3.000000000E0,2.800000000E1
3.707515086E2,6.504660349E1,2.543294627E1,9.516816694E0,2.700000000E1,1.199999928E0,1.799999952E0,4.398791964E-1,2.000000000E0,3.000000000E0,2.700000000E1
3.717543692E2,6.504661552E1,2.543294870E1,9.516811992E0,2.700000000E1,1.230000019E0,1.799999952E0,4.412845598E-1,1.500000000E0,3.000000000E0,2.900000000E1
3.727509132E2,6.504662796E1,2.543294351E1,8.516806356E0,2.600000000E1,1.209999919E0,6.999999881E-1,4.425220753E-1,1.500000000E0,3.000000000E0,2.900000000E1
3.737486641E2,6.504663903E1,2.543294636E1,8.516802092E0,2.600000000E1,1.209999919E0,3.572000122E2,4.439359462E-1,2.000000000E0,3.000000000E0,2.800000000E1
3.747526783E2,6.504665156E1,2.543295147E1,8.516797450E0,2.600000000E1,1.240000010E0,3.576000061E2,4.452030208E-1,1.500000000E0,3.000000000E0,2.800000000E1
3.757505868E2,6.504666287E1,2.543294828E1,8.516792480E0,2.600000000E1,1.220000029E0,3.552999878E2,4.464306757E-1,2.000000000E0,3.000000000E0,2.400000000E1
3.767529437E2,6.504667390E1,2.543294678E1,8.516787798E0,2.600000000E1,1.169999957E0,3.537999878E2,4.476887370E-1,2.000000000E0,3.000000000E0,2.700000000E1
3.777526873E2,6.504668517E1,2.543294451E1,8.516782937E0,2.600000000E1,1.250000000E0,3.558999939E2,4.489458577E-1,2.000000000E0,3.000000000E0,2.800000000E1
3.787491017E2,6.504669644E1,2.543294250E1,8.516778101E0,2.600000000E1,1.279999971E0,3.537999878E2,4.504397481E-1,2.000000000E0,3.000000000E0,2.600000000E1
3.797491758E2,6.504670977E1,2.543293848E1,8.516772221E0,2.600000000E1,1.509999990E0,3.497000122E2,4.519114842E-1,2.000000000E0,3.000000000E0,2.500000000E1
3.807474051E2,6.504672285E1,2.543293362E1,8.516766359E0,2.600000000E1,1.240000010E0,3.462999878E2,4.532163253E-1,2.000000000E0,3.000000000E0,2.800000000E1
3.817497320E2,6.504673458E1,2.543293353E1,8.516761526E0,2.600000000E1,1.230000019E0,3.462999878E2,4.543357503E-1,2.000000000E0,3.000000000E0,2.900000000E1
3.827560641E2,6.504674464E1,2.543293454E1,8.516757492E0,2.600000000E1,8.700000048E-1,3.552999878E2,4.554423406E-1,2.000000000E0,3.000000000E0,2.900000000E1
3.837550961E2,6.504675436E1,2.543293957E1,7.516753996E0,2.500000000E1,1.179999948E0,1.600000024E0,4.566238439E-1,2.000000000E0,3.000000000E0,2.700000000E1
3.847459696E2,6.504676484E1,2.543294376E1,7.516750107E0,2.500000000E1,1.259999990E0,3.582000122E2,4.576536484E-1,2.000000000E0,3.000000000E0,2.700000000E1
3.857497480E2,6.504677402E1,2.543294669E1,7.516746626E0,2.500000000E1,9.099999666E-1,5.099999905E0,4.588030643E-1,2.000000000E0,3.000000000E0,3.000000000E1
3.867529402E2,6.504678219E1,2.543296169E1,7.516744765E0,2.500000000E1,1.049999952E0,5.000000000E0,4.598171618E-1,2.000000000E0,3.000000000E0,2.900000000E1
3.877487930E2,6.504679049E1,2.543297066E1,7.516742249E0,2.500000000E1,1.169999957E0,1.500000000E0,4.610244229E-1,2.000000000E0,3.000000000E0,3.100000000E1
3.887478480E2,6.504680101E1,2.543297703E1,7.516738561E0,2.500000000E1,1.309999943E0,1.200000048E0,4.624340524E-1,2.000000000E0,3.000000000E0,3.100000000E1
3.897511163E2,6.504681207E1,2.543299170E1,7.516735477E0,2.500000000E1,9.300000072E-1,7.500000000E0,4.633465206E-1,2.000000000E0,3.000000000E0,2.700000000E1
3.907458810E2,6.504682024E1,2.543298994E1,8.516731942E0,2.600000000E1,1.120000005E0,3.545000000E2,4.646598563E-1,2.000000000E0,3.000000000E0,2.900000000E1
3.917396983E2,6.504683026E1,2.543297511E1,8.516726342E0,2.600000000E1,1.039999962E0,3.476000061E2,4.654666110E-1,2.000000000E0,3.000000000E0,2.800000000E1
3.927488584E2,6.504683667E1,2.543296706E1,8.516722902E0,2.600000000E1,1.079999924E0,3.498999939E2,4.665209035E-1,2.000000000E0,3.000000000E0,3.100000000E1
3.937462845E2,6.504684610E1,2.543296941E1,7.516719260E0,2.500000000E1,2.599999905E-1,3.485000000E2,4.669914107E-1,2.000000000E0,3.000000000E0,2.900000000E1
3.947515693E2,6.504684946E1,2.543297553E1,7.516718493E0,2.500000000E1,3.799999952E-1,3.480000000E2,4.675754526E-1,2.000000000E0,3.000000000E0,1.400000000E1
3.957512902E2,6.504685457E1,2.543297837E1,7.516716676E0,2.500000000E1,5.299999714E-1,8.699999809E0,4.685459109E-1,2.000000000E0,3.000000000E0,3.100000000E1
3.967489603E2,6.504686303E1,2.543297335E1,7.516712693E0,2.500000000E1,6.800000072E-1,7.500000000E0,4.695251769E-1,2.000000000E0,3.000000000E0,3.000000000E1
3.977525055E2,6.504687184E1,2.543297410E1,7.516709150E0,2.500000000E1,7.999999523E-1,3.588999939E2,4.706525290E-1,2.000000000E0,3.000000000E0,2.800000000E1
3.987493509E2,6.504688189E1,2.543297108E1,7.516704714E0,2.500000000E1,9.499999881E-1,3.561000061E2,4.720836937E-1,2.000000000E0,3.000000000E0,2.900000000E1
3.997489518E2,6.504689128E1,2.543295021E1,7.516698768E0,2.500000000E1,7.500000000E-1,3.453999939E2,4.731807322E-1,2.000000000E0,3.000000000E0,3.100000000E1
4.007477763E2,6.504689820E1,2.543293353E1,7.516694258E0,2.500000000E1,5.699999928E-1,3.342000122E2,4.744030678E-1,2.000000000E0,3.000000000E0,3.100000000E1
4.017490671E2,6.504690352E1,2.543291073E1,7.516689791E0,2.500000000E1,5.600000024E-1,3.212000122E2,4.761509145E-1,2.000000000E0,3.000000000E0,3.100000000E1
4.027507825E2,6.504690620E1,2.543287402E1,8.516685018E0,2.600000000E1,0.000000000E0,NaN,4.781116650E-1,2.000000000E0,3.000000000E0,3.000000000E1
4.037465326E2,6.504691085E1,2.543283370E1,8.516679074E0,2.600000000E1,1.019999981E0,3.058999939E2,4.802417631E-1,2.000000000E0,3.000000000E0,2.800000000E1
4.047506649E2,6.504691571E1,2.543278978E1,8.516672684E0,2.600000000E1,9.799999595E-1,2.902000122E2,4.821357444E-1,2.000000000E0,3.000000000E0,3.000000000E1
4.057457814E2,6.504692053E1,2.543275106E1,8.516666831E0,2.600000000E1,1.059999943E0,2.836000061E2,4.839787546E-1,2.000000000E0,3.000000000E0,2.900000000E1
4.067515957E2,6.504692552E1,2.543271359E1,8.516661034E0,2.600000000E1,1.100000024E0,2.845000000E2,4.861422556E-1,2.000000000E0,3.000000000E0,3.000000000E1
4.077538467E2,6.504692887E1,2.543266816E1,8.516655112E0,2.600000000E1,1.069999933E0,2.785000000E2,4.882677210E-1,2.000000000E0,3.000000000E0,3.100000000E1
4.087473105E2,6.504693206E1,2.543262349E1,8.516649335E0,2.600000000E1,1.029999971E0,2.680000000E2,4.900638127E-1,2.000000000E0,3.000000000E0,3.000000000E1
4.097538337E2,6.504693571E1,2.543258619E1,8.516644105E0,2.600000000E1,1.199999928E0,2.573999939E2,4.915879603E-1,2.000000000E0,3.000000000E0,3.100000000E1
4.107482583E2,6.504693944E1,2.543255492E1,8.516639445E0,2.600000000E1,9.099999666E-1,2.581000061E2,4.929445278E-1,2.000000000E0,3.000000000E0,2.800000000E1
4.117510494E2,6.504693952E1,2.543252600E1,8.516636519E0,2.600000000E1,8.899999857E-1,2.556000061E2,4.943585853E-1,2.000000000E0,3.000000000E0,2.900000000E1
4.127483644E2,6.504694132E1,2.543249616E1,8.516632793E0,2.600000000E1,8.999999762E-1,2.598999939E2,4.956188864E-1,2.000000000E0,3.000000000E0,2.900000000E1
4.137515957E2,6.504694300E1,2.543246959E1,8.516629446E0,2.600000000E1,8.299999833E-1,2.645000000E2,4.968993715E-1,2.000000000E0,3.000000000E0,2.900000000E1
4.147484318E2,6.504694086E1,2.543244277E1,9.516627644E0,2.700000000E1,7.599999905E-1,2.627999878E2,4.985489381E-1,2.000000000E0,3.000000000E0,3.000000000E1
4.157506079E2,6.504693772E1,2.543240841E1,9.516625501E0,2.700000000E1,7.699999809E-1,2.600000000E2,4.997209280E-1,2.000000000E0,3.000000000E0,2.900000000E1
4.167495675E2,6.504693357E1,2.543238544E1,9.516624913E0,2.700000000E1,7.799999714E-1,2.536000061E2,5.004144940E-1,2.000000000E0,3.000000000E0,2.800000000E1
4.177530521E2,6.504693219E1,2.543237102E1,9.516624041E0,2.700000000E1,6.100000143E-1,2.525000000E2,5.010522645E-1,2.000000000E0,3.000000000E0,2.700000000E1
4.187493248E2,6.504692984E1,2.543235862E1,9.516623766E0,2.700000000E1,3.499999940E-1,2.496999969E2,5.013708631E-1,2.000000000E0,3.000000000E0,2.600000000E1
4.197463040E2,6.504692795E1,2.543235350E1,9.516624031E0,2.700000000E1,0.000000000E0,NaN,5.013708631E-1,2.000000000E0,3.000000000E0,2.800000000E1
4.207471259E2,6.504692795E1,2.543235350E1,9.516624031E0,2.700000000E1,0.000000000E0,NaN,5.013708631E-1,2.000000000E0,3.000000000E0,2.900000000E1
4.217479025E2,6.504692795E1,2.543235350E1,9.516624031E0,2.700000000E1,0.000000000E0,NaN,5.034765407E-1,2.000000000E0,3.000000000E0,2.900000000E1
4.227533130E2,6.504692711E1,2.543230866E1,1.051661989E1,2.800000000E1,5.899999738E-1,2.513999939E2,5.046865723E-1,2.000000000E0,3.000000000E0,2.900000000E1
4.237523849E2,6.504692426E1,2.543228377E1,9.516618577E0,2.700000000E1,1.039999962E0,2.538000031E2,5.063235587E-1,2.000000000E0,3.000000000E0,2.700000000E1
4.247495362E2,6.504692171E1,2.543224940E1,9.516616194E0,2.700000000E1,9.799999595E-1,2.521000061E2,5.079567872E-1,2.000000000E0,3.000000000E0,2.900000000E1
4.257575227E2,6.504691877E1,2.543221529E1,1.051661399E1,2.800000000E1,9.499999881E-1,2.536000061E2,5.092105624E-1,2.000000000E0,3.000000000E0,2.800000000E1
4.267449997E2,6.504691613E1,2.543218930E1,1.051661248E1,2.800000000E1,8.899999857E-1,2.536999969E2,5.103176735E-1,2.000000000E0,3.000000000E0,2.900000000E1
4.277485543E2,6.504691416E1,2.543216617E1,1.051661098E1,2.800000000E1,9.199999571E-1,2.597999878E2,5.116194671E-1,2.000000000E0,3.000000000E0,2.800000000E1
4.287494368E2,6.504691257E1,2.543213868E1,1.151660889E1,2.900000000E1,9.399999976E-1,2.555000000E2,5.127348204E-1,2.000000000E0,3.000000000E0,2.800000000E1
4.297502527E2,6.504690985E1,2.543211579E1,1.151660772E1,2.900000000E1,1.000000000E0,2.468000031E2,5.137966487E-1,2.000000000E0,3.000000000E0,2.600000000E1
4.307525103E2,6.504690670E1,2.543209442E1,1.151660688E1,2.900000000E1,8.499999642E-1,2.455000000E2,5.154223961E-1,2.000000000E0,3.000000000E0,2.600000000E1
4.317451512E2,6.504690394E1,2.543206039E1,1.151660462E1,2.900000000E1,7.999999523E-1,2.455000000E2,5.167451554E-1,1.500000000E0,3.000000000E0,2.600000000E1
4.327535882E2,6.504690335E1,2.543203223E1,1.151660204E1,2.900000000E1,8.799999952E-1,2.592000122E2,5.181611644E-1,1.500000000E0,3.000000000E0,2.800000000E1
4.337498020E2,6.504690436E1,2.543200213E1,1.251659862E1,3.000000000E1,9.099999666E-1,2.748999939E2,5.194874252E-1,1.500000000E0,3.000000000E0,2.700000000E1
4.347429248E2,6.504690486E1,2.543197389E1,1.251659559E1,3.000000000E1,7.999999523E-1,2.787000122E2,5.204960343E-1,1.500000000E0,3.000000000E0,3.000000000E1
4.357538062E2,6.504690704E1,2.543195302E1,1.251659261E1,3.000000000E1,7.199999690E-1,2.785000000E2,5.213775251E-1,1.500000000E0,3.000000000E0,2.900000000E1
4.367507325E2,6.504690951E1,2.543193516E1,1.251658980E1,3.000000000E1,5.600000024E-1,2.852000122E2,5.220919657E-1,1.500000000E0,3.000000000E0,2.700000000E1
4.377573941E2,6.504691228E1,2.543192142E1,1.351658729E1,3.100000000E1,8.999999762E-1,2.801000061E2,5.234828349E-1,1.500000000E0,3.000000000E0,3.000000000E1
4.387490226E2,6.504691659E1,2.543189359E1,1.351658273E1,3.100000000E1,9.300000072E-1,2.927999878E2,5.250157711E-1,1.500000000E0,3.000000000E0,2.800000000E1
4.397504056E2,6.504692569E1,2.543186903E1,1.351657652E1,3.100000000E1,1.120000005E0,3.005000000E2,5.262717741E-1,2.000000000E0,3.000000000E0,3.000000000E1
4.407499196E2,6.504693093E1,2.543184531E1,1.451657199E1,3.200000000E1,9.799999595E-1,3.105000000E2,5.276141683E-1,2.000000000E0,3.000000000E0,3.000000000E1
4.417512960E2,6.504693151E1,2.543181673E1,1.451656889E1,3.200000000E1,8.799999952E-1,3.068999939E2,5.289115043E-1,2.000000000E0,3.000000000E0,3.000000000E1
4.427474644E2,6.504693579E1,2.543179099E1,1.451656456E1,3.200000000E1,8.999999762E-1,3.018999939E2,5.303468688E-1,2.000000000E0,3.000000000E0,2.900000000E1
4.437509808E2,6.504693600E1,2.543176040E1,1.551656141E1,3.300000000E1,1.039999962E0,2.883999939E2,5.309310563E-1,1.500000000E0,3.000000000E0,3.000000000E1
4.447482860E2,6.504693554E1,2.543174800E1,1.451656036E1,3.200000000E1,2.599999905E-1,2.851000061E2,5.316187544E-1,2.000000000E0,3.000000000E0,2.900000000E1
4.457541786E2,6.504693860E1,2.543173525E1,1.351655783E1,3.100000000E1,1.299999952E0,2.558000031E2,5.328568431E-1,1.500000000E0,3.000000000E0,3.000000000E1
4.467468301E2,6.504693533E1,2.543171003E1,1.351655665E1,3.100000000E1,1.289999962E0,2.568999939E2,5.341786564E-1,2.000000000E0,3.000000000E0,2.800000000E1
4.477360035E2,6.504693495E1,2.543168186E1,1.351655399E1,3.100000000E1,1.069999933E0,2.602999878E2,5.349512770E-1,1.500000000E0,3.000000000E0,3.000000000E1
4.487494173E2,6.504693797E1,2.543166703E1,1.351655127E1,3.100000000E1,5.799999833E-1,2.652000122E2,5.353648875E-1,2.000000000E0,3.000000000E0,2.800000000E1
4.497473594E2,6.504693923E1,2.543165873E1,1.351654992E1,3.100000000E1,5.299999714E-1,2.902999878E2,5.361169309E-1,1.500000000E0,3.000000000E0,2.900000000E1
4.507432320E2,6.504694203E1,2.543164414E1,1.351654730E1,3.100000000E1,1.009999990E0,3.183999939E2,5.371038603E-1,1.500000000E0,3.000000000E0,2.700000000E1
4.517470616E2,6.504694690E1,2.543162654E1,1.351654354E1,3.100000000E1,8.299999833E-1,3.240000000E2,5.379563632E-1,1.500000000E0,3.000000000E0,3.000000000E1
4.527467091E2,6.504695083E1,2.543161095E1,1.351654036E1,3.100000000E1,5.699999928E-1,3.222999878E2,5.385770431E-1,1.500000000E0,3.000000000E0,3.000000000E1
4.537524750E2,6.504695473E1,2.543160148E1,1.251653780E1,3.000000000E1,7.899999619E-1,3.213999939E2,5.394497639E-1,1.500000000E0,3.000000000E0,2.900000000E1
4.547557573E2,6.504696093E1,2.543159008E1,1.251653410E1,3.000000000E1,7.299999595E-1,3.152999878E2,5.401293760E-1,1.500000000E0,3.000000000E0,2.800000000E1
4.557512166E2,6.504696504E1,2.543157935E1,1.251653134E1,3.000000000E1,3.299999833E-1,3.161000061E2,5.405901285E-1,1.500000000E0,3.000000000E0,2.800000000E1
4.567482467E2,6.504696563E1,2.543156963E1,1.251653012E1,3.000000000E1,7.799999714E-1,3.022999878E2,5.415475710E-1,1.500000000E0,3.000000000E0,2.800000000E1
4.577513272E2,6.504696999E1,2.543155203E1,1.251652657E1,3.000000000E1,3.599999845E-1,2.982000122E2,5.420067533E-1,1.500000000E0,3.000000000E0,2.300000000E1
4.587511145E2,6.504697359E1,2.543154725E1,1.251652460E1,3.000000000E1,5.899999738E-1,3.087999878E2,5.428143557E-1,1.500000000E0,3.000000000E0,2.800000000E1
4.597536888E2,6.504697761E1,2.543153292E1,1.251652151E1,3.000000000E1,0.000000000E0,NaN,5.428143557E-1,1.500000000E0,3.000000000E0,2.500000000E1
4.607496412E2,6.504697761E1,2.543153292E1,1.251652151E1,3.000000000E1,0.000000000E0,NaN,5.445221694E-1,1.500000000E0,3.000000000E0,2.700000000E1
4.617494309E2,6.504698583E1,2.543150215E1,1.251651504E1,3.000000000E1,7.799999714E-1,3.017999878E2,5.457256705E-1,1.500000000E0,3.000000000E0,2.900000000E1
4.627459288E2,6.504698968E1,2.543147818E1,1.251651106E1,3.000000000E1,7.699999809E-1,2.952999878E2,5.465185614E-1,1.500000000E0,3.000000000E0,2.800000000E1
4.637466482E2,6.504699136E1,2.543146175E1,1.251650872E1,3.000000000E1,2.399999946E-1,2.920000000E2,5.475232533E-1,1.500000000E0,3.000000000E0,2.500000000E1
4.647529499E2,6.504699404E1,2.543144130E1,1.151650557E1,2.900000000E1,5.999999642E-1,2.816000061E2,5.484952301E-1,1.500000000E0,3.000000000E0,2.700000000E1
4.657508011E2,6.504699782E1,2.543142261E1,1.251650214E1,3.000000000E1,5.699999928E-1,2.826000061E2,5.496150001E-1,1.500000000E0,3.000000000E0,2.800000000E1
4.667472420E2,6.504700150E1,2.543140040E1,1.251649840E1,3.000000000E1,0.000000000E0,NaN,5.496150001E-1,1.500000000E0,3.000000000E0,2.400000000E1
4.677477257E2,6.504700150E1,2.543140040E1,1.251649840E1,3.000000000E1,0.000000000E0,NaN,5.496150001E-1,1.500000000E0,3.000000000E0,2.700000000E1
4.687473213E2,6.504700150E1,2.543140040E1,1.251649840E1,3.000000000E1,0.000000000E0,NaN,5.526672365E-1,2.000000000E0,3.000000000E0,2.800000000E1
4.697502141E2,6.504701064E1,2.543133904E1,1.251648849E1,3.000000000E1,7.599999905E-1,3.158999939E2,5.537437022E-1,2.000000000E0,3.000000000E0,2.700000000E1
4.707475683E2,6.504701626E1,2.543132035E1,1.251648431E1,3.000000000E1,8.999999762E-1,3.217999878E2,5.545603992E-1,2.000000000E0,3.000000000E0,2.500000000E1
4.717422224E2,6.504701952E1,2.543130476E1,1.251648140E1,3.000000000E1,5.999999642E-1,3.312000122E2,5.552017571E-1,2.000000000E0,3.000000000E0,2.500000000E1
4.727424074E2,6.504702296E1,2.543129378E1,1.151647888E1,2.900000000E1,5.699999928E-1,3.375000000E2,5.555582949E-1,2.000000000E0,3.000000000E0,2.500000000E1
4.737533481E2,6.504702476E1,2.543128749E1,1.151647751E1,2.900000000E1,0.000000000E0,NaN,5.555582949E-1,2.000000000E0,3.000000000E0,2.500000000E1
4.747358464E2,6.504702476E1,2.543128749E1,1.151647751E1,2.900000000E1,0.000000000E0,NaN,5.555582949E-1,2.000000000E0,3.000000000E0,2.400000000E1
4.757477084E2,6.504702476E1,2.543128749E1,1.151647751E1,2.900000000E1,0.000000000E0,NaN,5.555582949E-1,2.000000000E0,3.000000000E0,2.400000000E1
4.767510404E2,6.504702476E1,2.543128749E1,1.151647751E1,2.900000000E1,0.000000000E0,NaN,5.568595488E-1,2.500000000E0,4.000000000E0,2.400000000E1
4.777458412E2,6.504703235E1,2.543126637E1,1.051647227E1,2.800000000E1,2.599999905E-1,3.387000122E2,5.575781357E-1,2.500000000E0,4.000000000E0,2.600000000E1
4.787467937E2,6.504703176E1,2.543125112E1,9.516470982E0,2.700000000E1,2.899999917E-1,3.412000122E2,NaN,2.500000000E0,4.000000000E0,2.700000000E1
